id,longitude,latitude,elevation,title,place_description,sig,mag,magType,time,updated,country_code,sig_class
pr71509058,-66.9358333333333,17.9563333333333,9.74,"M 2.1 - 3 km WSW of Guánica, Puerto Rico","3 km WSW of Guánica, Puerto Rico",68,2.1,md,2026-03-04 23:48:57.37,2026-03-05 00:10:13.75,PR,Low
ok2026elcd,-96.83833333,34.3735,0.0,"M 1.1 Quarry Blast - 3 km SSW of Mill Creek, Oklahoma","3 km SSW of Mill Creek, Oklahoma",18,1.07,ml,2026-03-04 23:43:06.86,2026-03-05 16:39:36.349,US,Low
aka2026elqasj,-153.27,59.783,130.3,"M 2.0 - 46 km E of Pedro Bay, Alaska","46 km E of Pedro Bay, Alaska",62,2.0,ml,2026-03-04 23:38:14.667,2026-03-05 00:41:03.393,US,Low
av94071738,-154.7335,58.1578333333333,10.53,"M 0.2 - 67 km NNW of Karluk, Alaska","67 km NNW of Karluk, Alaska",1,0.23,ml,2026-03-04 23:37:01.91,2026-03-05 07:02:56.79,US,Low
aka2026elpuwf,-148.402,61.085,26.4,"M 1.6 - 37 km NNE of Whittier, Alaska","37 km NNE of Whittier, Alaska",39,1.6,ml,2026-03-04 23:31:29.56,2026-03-05 00:40:36.388,US,Low
aka2026elptfv,-164.784,53.59,48.3,"M 2.4 - 89 km SE of Akutan, Alaska","89 km SE of Akutan, Alaska",89,2.4,ml,2026-03-04 23:29:43.037,2026-03-05 00:39:19.387,US,Low
tx2026elpomq,-103.459,31.54,5.8179,"M 1.3 - 10 km NW of Barstow, Texas","10 km NW of Barstow, Texas",26,1.3,ml,2026-03-04 23:24:12.227,2026-03-05 16:05:06.126,US,Low
pr71509048,-66.9385,17.9505,9.71,"M 2.0 - 3 km SW of Guánica, Puerto Rico","3 km SW of Guánica, Puerto Rico",59,1.96,md,2026-03-04 23:18:19.25,2026-03-04 23:37:38.37,PR,Low
av94071718,-153.084666666667,60.0438333333333,-2.46,"M -0.8 - 63 km ENE of Pedro Bay, Alaska","63 km ENE of Pedro Bay, Alaska",0,-0.79,ml,2026-03-04 23:17:25.34,2026-03-05 06:57:27.36,US,Low
uw62230136,-121.95683333333334,47.20666666666666,19.01,"M 1.2 - 2 km E of Enumclaw, Washington","2 km E of Enumclaw, Washington",24,1.24,ml,2026-03-04 23:17:10,2026-03-05 19:07:54.8,US,Low
nc75322577,-122.767669677734,38.8216667175293,2.27999997138977,"M 1.0 - 4 km W of Cobb, CA","4 km W of Cobb, CA",17,1.04,md,2026-03-04 23:09:07.61,2026-03-04 23:27:20.455,US,Low
uw62230121,-121.95516666666667,47.18983333333333,15.46,"M 1.3 - 3 km ESE of Enumclaw, Washington","3 km ESE of Enumclaw, Washington",28,1.34,ml,2026-03-04 23:08:42.43,2026-03-05 18:35:11.9,US,Low
uw62230116,-122.11933333333333,46.669333333333334,20.89,"M 1.5 - 7 km SE of Mineral, Washington","7 km SE of Mineral, Washington",34,1.48,ml,2026-03-04 23:07:32.53,2026-03-05 18:28:35.22,US,Low
nn00912017,-115.0196,36.1473,4.7385,"M 1.9 - 5 km NNE of Whitney, Nevada","5 km NNE of Whitney, Nevada",53,1.85,ml,2026-03-04 23:05:42.089,2026-03-04 23:09:31.494,US,Low
ci41197455,-117.696,35.9015,2.63,"M 1.5 - 19 km ESE of Little Lake, CA","19 km ESE of Little Lake, CA",33,1.47,ml,2026-03-04 23:02:36.59,2026-03-05 21:53:46.208,US,Low
pr71509033,-66.9386666666667,17.9505,9.21,"M 2.5 - 4 km SW of Guánica, Puerto Rico","4 km SW of Guánica, Puerto Rico",97,2.51,md,2026-03-04 23:00:34.52,2026-03-04 23:27:38.78,PR,Low
nc75322567,-122.459167480469,40.6928329467773,23.8799991607666,"M 2.3 - 8 km W of Shasta Lake, CA","8 km W of Shasta Lake, CA",78,2.25,md,2026-03-04 22:57:56.74,2026-03-05 00:17:23.758,US,Low
tx2026elonfd,-101.062,32.105,4.1748,"M 1.2 - 28 km S of Westbrook, Texas","28 km S of Westbrook, Texas",22,1.2,ml,2026-03-04 22:52:24.572,2026-03-05 16:47:21.291,US,Low
ok2026elaj,-98.0415,35.62533333,16.43,"M 0.9 - 7 km ENE of Calumet, Oklahoma","7 km ENE of Calumet, Oklahoma",12,0.9,ml,2026-03-04 22:49:46.03,2026-03-05 16:47:44.447,US,Low
ci41197447,-115.434833333333,32.7075,15.86,"M 2.0 - 7 km ENE of Calexico, CA","7 km ENE of Calexico, CA",58,1.95,ml,2026-03-04 22:48:05.1,2026-03-05 17:34:46.349,US,Low
ci41197431,-115.598166666667,33.1828333333333,3.96,"M 1.3 - 10 km SW of Niland, CA","10 km SW of Niland, CA",25,1.27,ml,2026-03-04 22:44:55.6,2026-03-05 22:09:56.09,US,Low
tx2026eloayi,-101.898,32.103,8.7158,"M 1.2 - 10 km WSW of Stanton, Texas","10 km WSW of Stanton, Texas",22,1.2,ml,2026-03-04 22:38:09.561,2026-03-05 09:24:27.11,US,Low
av94071678,-155.2085,58.3206666666667,4.61,"M -0.6 - 94 km ESE of King Salmon, Alaska","94 km ESE of King Salmon, Alaska",0,-0.58,ml,2026-03-04 22:27:18.4,2026-03-05 06:52:25.89,US,Low
nc75322552,-122.817169189453,38.8121681213379,2.61999988555908,"M 1.8 - 7 km NW of The Geysers, CA","7 km NW of The Geysers, CA",48,1.77,md,2026-03-04 22:23:15.44,2026-03-05 00:07:20.704,US,Low
nc75322547,-122.808670043945,38.810001373291,2.0699999332428,"M 1.1 - 6 km NW of The Geysers, CA","6 km NW of The Geysers, CA",17,1.06,md,2026-03-04 22:22:53.93,2026-03-04 23:37:18.522,US,Low
aka2026elnhqo,-149.334,64.714,23.0,"M 1.4 - 16 km NW of Four Mile Road, Alaska","16 km NW of Four Mile Road, Alaska",30,1.4,ml,2026-03-04 22:15:47.255,2026-03-05 00:38:05.192,US,Low
uw62230051,-120.489,49.39066666666667,-0.36,"M 1.8 Explosion - 7 km SSE of Princeton, Canada","7 km SSE of Princeton, Canada",51,1.82,ml,2026-03-04 22:15:35.68,2026-03-05 17:36:52.16,CA,Low
nn00912001,-116.0496,36.6116,6.7,"M 2.6 - 34 km W of Indian Springs, Nevada","34 km W of Indian Springs, Nevada",103,2.59,ml,2026-03-04 22:10:46.237,2026-03-04 22:38:09.918,US,Moderate
av94071638,-155.909666666667,57.5733333333333,4.96,"M 0.6 - 87 km W of Karluk, Alaska","87 km W of Karluk, Alaska",6,0.63,ml,2026-03-04 22:05:55.06,2026-03-05 06:47:55.6,US,Low
aka2026elmyyy,-169.766,52.4,3.9,"M 2.8 - 85 km SW of Nikolski, Alaska","85 km SW of Nikolski, Alaska",121,2.8,ml,2026-03-04 22:05:43.654,2026-03-05 00:34:05.967,US,Moderate
uw62230041,-122.6455,49.318333333333335,-0.46,"M 1.5 Explosion - 10 km ENE of Coquitlam, Canada","10 km ENE of Coquitlam, Canada",34,1.48,md,2026-03-04 22:04:49.62,2026-03-05 17:34:16.44,CA,Low
uw62230036,-122.9735,46.546,-0.29,"M 2.2 Explosion - 5 km WSW of Napavine, Washington","5 km WSW of Napavine, Washington",72,2.16,md,2026-03-04 22:03:12.58,2026-03-05 17:31:09.57,US,Low
av94071633,-153.055833333333,60.052,-2.85,"M -0.8 - 65 km ENE of Pedro Bay, Alaska","65 km ENE of Pedro Bay, Alaska",0,-0.78,ml,2026-03-04 21:55:10.51,2026-03-05 06:21:53.2,US,Low
tx2026elmnwk,-104.368,31.64,6.0999,"M 1.9 - 59 km S of Whites City, New Mexico","59 km S of Whites City, New Mexico",56,1.9,ml,2026-03-04 21:53:27.592,2026-03-05 08:37:43.34,US,Low
aka2026elmabs,-178.298,51.276,18.8,"M 2.8 - 133 km WSW of Adak, Alaska","133 km WSW of Adak, Alaska",121,2.8,ml,2026-03-04 21:36:49.02,2026-03-05 00:32:44.277,US,Moderate
aka2026ellprj,-151.648,60.994,83.1,"M 1.5 - 28 km WSW of Tyonek, Alaska","28 km WSW of Tyonek, Alaska",35,1.5,ml,2026-03-04 21:24:44.938,2026-03-05 00:32:24.279,US,Low
ci41197367,-117.552166666667,35.6808333333333,7.29,"M 0.6 - 13 km ENE of Ridgecrest, CA","13 km ENE of Ridgecrest, CA",6,0.64,ml,2026-03-04 21:24:01.77,2026-03-05 19:12:07.56,US,Low
tx2026ellnck,-102.053,32.348,8.1787,"M 0.6 - 34 km NW of Stanton, Texas","34 km NW of Stanton, Texas",6,0.6,ml,2026-03-04 21:21:46.002,2026-03-05 13:43:27.793,US,Low
aka2026ellluk,-151.857,62.723,5.9,"M 2.0 - 61 km WNW of Petersville, Alaska","61 km WNW of Petersville, Alaska",62,2.0,ml,2026-03-04 21:20:14.317,2026-03-05 00:31:21.272,US,Low
aka2026ellksh,-150.591,63.053,99.3,"M 1.7 - 62 km N of Petersville, Alaska","62 km N of Petersville, Alaska",44,1.7,ml,2026-03-04 21:18:59.478,2026-03-05 00:29:27.261,US,Low
nn00911990,-116.5316,38.4696,6.511,"M 2.6 - 75 km NE of Tonopah, Nevada","75 km NE of Tonopah, Nevada",103,2.59,ml,2026-03-04 21:12:27.299,2026-03-04 23:39:48.786,US,Moderate
aka2026elkutp,-167.516,52.83,23.3,"M 2.6 - 91 km E of Nikolski, Alaska","91 km E of Nikolski, Alaska",104,2.6,ml,2026-03-04 21:00:32.035,2026-03-05 00:27:28.25,US,Moderate
nn00911986,-115.4427,35.9976,14.8618,"M 1.6 - 6 km SSW of Blue Diamond, Nevada","6 km SSW of Blue Diamond, Nevada",37,1.55,ml,2026-03-04 20:42:06.284,2026-03-04 20:44:29.68,US,Low
aka2026eljxhv,-147.381,63.541,0.2,"M 1.8 - 78 km ESE of Denali Park, Alaska","78 km ESE of Denali Park, Alaska",50,1.8,ml,2026-03-04 20:33:16.262,2026-03-04 22:42:46.226,US,Low
aka2026eljngv,-149.616,63.638,121.9,"M 3.5 - 36 km WSW of Denali Park, Alaska","36 km WSW of Denali Park, Alaska",188,3.5,ml,2026-03-04 20:21:37.256,2026-03-04 22:39:37.735,US,Moderate
nn00911982,-116.5526,38.4646,7.5457,"M 1.7 - 73 km NE of Tonopah, Nevada","73 km NE of Tonopah, Nevada",42,1.65,ml,2026-03-04 20:20:34.617,2026-03-04 20:59:25.232,US,Low
aka2026eljlyd,-150.453,63.266,126.8,"M 2.1 - 70 km ESE of Denali National Park, Alaska","70 km ESE of Denali National Park, Alaska",68,2.1,ml,2026-03-04 20:20:04.521,2026-03-05 00:26:23.245,US,Low
ci41197295,-116.772333333333,33.6563333333333,16.38,"M 0.5 - 11 km SSW of Idyllwild, CA","11 km SSW of Idyllwild, CA",4,0.52,ml,2026-03-04 20:15:29.91,2026-03-05 18:31:46.577,US,Low
av94071528,-178.823833333333,51.7568333333333,6.78,"M 0.6 - 151 km W of Adak, Alaska","151 km W of Adak, Alaska",6,0.64,ml,2026-03-04 20:13:40.29,2026-03-04 22:52:58.01,US,Low
aka2026eliyev,-139.91,60.542,2.9,"M 2.0 - 111 km N of Yakutat, Alaska","111 km N of Yakutat, Alaska",62,2.0,ml,2026-03-04 20:04:05.482,2026-03-05 00:24:45.232,CA,Low
ci41197279,-115.5875,32.489,10.47,"M 1.8 - 10 km S of Progreso, B.C., MX","10 km S of Progreso, B.C., MX",49,1.78,ml,2026-03-04 19:48:33.7,2026-03-05 19:24:36.022,MX,Low
us7000s22b,176.979,52.1088,1.915,"M 4.5 - 270 km ESE of Attu Station, Alaska","270 km ESE of Attu Station, Alaska",312,4.5,mb,2026-03-04 19:39:53.441,2026-03-04 21:28:37.04,RU,Moderate
ci41197263,-116.939166666667,32.9116666666667,-0.18,"M 1.1 Quarry Blast - 6 km NNW of Lakeside, CA","6 km NNW of Lakeside, CA",18,1.07,ml,2026-03-04 19:31:02.75,2026-03-04 22:21:33.844,US,Low
us7000s226,176.3694,52.0527,8.887,"M 4.9 - 233 km ESE of Attu Station, Alaska","233 km ESE of Attu Station, Alaska",369,4.9,mb,2026-03-04 19:04:46.653,2026-03-04 19:58:42.57,RU,Moderate
us7000s2fi,-67.345,46.4203,11.729,"M 1.9 - 20 km E of Florenceville-Bristol, Canada","20 km E of Florenceville-Bristol, Canada",56,1.9,ml,2026-03-04 18:59:25.71,2026-03-06 02:51:35.04,CA,Low
nn00911975,-116.1413,35.9338,0.0441,"M 1.5 - 12 km NE of Tecopa, California","12 km NE of Tecopa, California",36,1.53,ml,2026-03-04 18:59:14.718,2026-03-04 19:01:29.136,US,Low
ci41409360,-115.415333333333,35.1105,4.54,"M 1.5 - 24 km ENE of Kelso, CA","24 km ENE of Kelso, CA",36,1.52,ml,2026-03-04 18:58:57.37,2026-03-05 15:51:25.178,US,Low
aka2026elgtbs,-146.785,61.36,15.9,"M 2.1 - 34 km NW of Valdez, Alaska","34 km NW of Valdez, Alaska",68,2.1,ml,2026-03-04 18:57:59.902,2026-03-05 00:23:13.225,US,Low
us7000s21s,-88.3391,12.6127,51.683,"M 5.3 - 70 km SSW of Chirilagua, El Salvador","70 km SSW of Chirilagua, El Salvador",434,5.3,mb,2026-03-04 18:56:24.827,2026-03-05 02:08:20.109,SV,Moderate
aka2026elgqgn,-152.848,59.701,89.4,"M 1.9 - 57 km W of Anchor Point, Alaska","57 km W of Anchor Point, Alaska",56,1.9,ml,2026-03-04 18:54:33.803,2026-03-05 00:22:44.458,US,Low
ok2026eksn,-96.85116667,34.35616667,0.0,"M 1.2 Quarry Blast - 5 km SSW of Mill Creek, Oklahoma","5 km SSW of Mill Creek, Oklahoma",21,1.17,ml,2026-03-04 18:51:55.509,2026-03-05 16:52:14.287,US,Low
ci41409352,-118.263333333333,36.227,4.72,"M 2.1 - 24 km WSW of Olancha, CA","24 km WSW of Olancha, CA",68,2.1,ml,2026-03-04 18:50:02.27,2026-03-05 17:49:31.71,US,Low
pr71509018,-66.9508333333333,17.9923333333333,10.9,"M 2.2 - 3 km W of Fuig, Puerto Rico","3 km W of Fuig, Puerto Rico",76,2.22,md,2026-03-04 18:34:28.75,2026-03-04 18:48:49.82,PR,Low
nc75322482,-122.842163085938,38.8208351135254,1.92999994754791,"M 0.8 - 9 km WNW of The Geysers, CA","9 km WNW of The Geysers, CA",9,0.78,md,2026-03-04 18:31:23.52,2026-03-04 18:57:20.583,US,Low
aka2026elfmtt,-150.954,61.584,66.3,"M 2.6 - 23 km W of Susitna, Alaska","23 km W of Susitna, Alaska",104,2.6,ml,2026-03-04 18:20:21.267,2026-03-05 00:20:35.447,US,Moderate
us7000s22d,176.1921,52.0355,10.0,"M 4.4 - 223 km ESE of Attu Station, Alaska","223 km ESE of Attu Station, Alaska",298,4.4,mb,2026-03-04 18:14:19.343,2026-03-04 20:35:36.04,RU,Moderate
tx2026elfezp,-103.912,31.965,7.4841,"M 1.1 - 32 km SSE of Malaga, New Mexico","32 km SSE of Malaga, New Mexico",19,1.1,ml,2026-03-04 18:11:18.312,2026-03-05 09:34:02.162,US,Low
ok2026ekrc,-96.85716667,34.4815,0.0,"M 1.2 Quarry Blast - 8 km S of Hickory, Oklahoma","8 km S of Hickory, Oklahoma",21,1.16,ml,2026-03-04 18:08:40.609,2026-03-05 16:57:57.148,US,Low
us7000s215,130.9385,-3.1822,10.0,"M 4.9 - 153 km W of Fakfak, Indonesia","153 km W of Fakfak, Indonesia",369,4.9,mb,2026-03-04 18:08:05.896,2026-03-04 20:11:10.04,ID,Moderate
nc75322467,-122.785667419434,38.8376655578613,1.89999997615814,"M 0.3 - 6 km WNW of Cobb, CA","6 km WNW of Cobb, CA",1,0.26,md,2026-03-04 17:59:42.42,2026-03-04 18:17:25.305,US,Low
usa000sf40,-92.5823,14.5193,45.163,"M 4.5 - 28 km SW of Puerto Madero, Mexico","28 km SW of Puerto Madero, Mexico",312,4.5,mb,2026-03-04 17:55:13.174,2026-03-04 21:00:50.04,MX,Moderate
us7000s211,176.3634,52.2664,10.0,"M 6.4 - 224 km ESE of Attu Station, Alaska","224 km ESE of Attu Station, Alaska",630,6.4,mww,2026-03-04 17:54:36.733,2026-03-05 21:24:23.747,RU,High
ci41409328,-118.264333333333,36.2255,4.73,"M 3.0 - 24 km WSW of Olancha, CA","24 km WSW of Olancha, CA",134,2.95,ml,2026-03-04 17:52:00.87,2026-03-05 02:19:21.784,US,Moderate
tx2026elenso,-101.787,32.332,5.2979,"M 0.5 - 22 km N of Stanton, Texas","22 km N of Stanton, Texas",4,0.5,ml,2026-03-04 17:51:17.414,2026-03-05 17:54:11.914,US,Low
tx2026elendi,-103.908,31.969,5.0745,"M 1.2 - 32 km SSE of Malaga, New Mexico","32 km SSE of Malaga, New Mexico",22,1.2,ml,2026-03-04 17:50:35.583,2026-03-04 19:10:51.276,US,Low
av94071318,-154.9745,58.268,2.83,"M -0.6 - 83 km NNW of Karluk, Alaska","83 km NNW of Karluk, Alaska",0,-0.58,ml,2026-03-04 17:42:57.32,2026-03-05 05:40:21.13,US,Low
tx2026eleemd,-101.924,32.097,8.5693,"M 1.1 - 13 km WSW of Stanton, Texas","13 km WSW of Stanton, Texas",19,1.1,ml,2026-03-04 17:40:32.48,2026-03-04 18:23:42.029,US,Low
nc75322452,-122.87850189209,38.8334999084473,18.4799995422363,"M 0.9 - 12 km WNW of The Geysers, CA","12 km WNW of The Geysers, CA",12,0.89,md,2026-03-04 17:36:59.05,2026-03-04 19:07:22.655,US,Low
aka2026eldwnr,-153.162,59.941,136.1,"M 1.9 - 55 km ENE of Pedro Bay, Alaska","55 km ENE of Pedro Bay, Alaska",56,1.9,ml,2026-03-04 17:31:17.454,2026-03-05 00:17:20.086,US,Low
us7000s20n,66.7008,28.9118,10.0,"M 4.3 - 16 km SE of Kalat, Pakistan","16 km SE of Kalat, Pakistan",284,4.3,mb,2026-03-04 17:22:12.552,2026-03-04 18:20:40.04,PK,Moderate
ok2026ekpf,-97.442,34.41083333,5.58,"M 2.2 - 7 km SE of Ratliff City, Oklahoma","7 km SE of Ratliff City, Oklahoma",77,2.23,ml,2026-03-04 17:11:28.239,2026-03-04 17:24:02.817,US,Low
aka2026elczgj,-139.678,60.565,4.6,"M 2.2 - 113 km N of Yakutat, Alaska","113 km N of Yakutat, Alaska",74,2.2,ml,2026-03-04 17:04:14.258,2026-03-05 00:15:15.636,CA,Low
nc75322442,-122.842002868652,38.8199996948242,2.20000004768372,"M 1.1 - 9 km WNW of The Geysers, CA","9 km WNW of The Geysers, CA",18,1.08,md,2026-03-04 17:04:12.74,2026-03-04 18:42:19.475,US,Low
aka2026elcwgc,-139.94,60.644,5.6,"M 2.3 - 122 km N of Yakutat, Alaska","122 km N of Yakutat, Alaska",81,2.3,ml,2026-03-04 17:00:50.646,2026-03-05 00:14:29.632,CA,Low
ci41409272,-115.433833333333,32.7021666666667,15.18,"M 2.1 - 6 km NNE of Mexicali, B.C., MX","6 km NNE of Mexicali, B.C., MX",65,2.05,ml,2026-03-04 17:00:03.75,2026-03-04 22:43:00.952,US,Low
nc75322437,-122.80883026123,38.8228340148926,2.51999998092651,"M 1.2 - 7 km NW of The Geysers, CA","7 km NW of The Geysers, CA",21,1.17,md,2026-03-04 16:54:13.23,2026-03-04 18:17:24.306,US,Low
ok2026ekok,-97.2825,34.509,0.0,"M 1.2 Quarry Blast - 10 km SE of Katie, Oklahoma","10 km SE of Katie, Oklahoma",23,1.21,ml,2026-03-04 16:46:39.77,2026-03-05 16:52:58.928,US,Low
tx2026elccmd,-101.92,32.121,6.8604,"M 0.9 - 12 km W of Stanton, Texas","12 km W of Stanton, Texas",12,0.9,ml,2026-03-04 16:41:35.564,2026-03-04 16:58:17.268,US,Low
tx2026elcfqo,-101.918,32.118,8.1787,"M 1.1 - 12 km W of Stanton, Texas","12 km W of Stanton, Texas",19,1.1,ml,2026-03-04 16:41:35.274,2026-03-04 18:42:14.95,US,Low
tx2026elcenc,-102.04,32.352,8.4229,"M 1.0 - 34 km NW of Stanton, Texas","34 km NW of Stanton, Texas",15,1.0,ml,2026-03-04 16:40:14.876,2026-03-04 19:23:07.353,US,Low
aka2026elccnq,-155.848,57.554,1.0,"M 2.1 - 83 km W of Karluk, Alaska","83 km W of Karluk, Alaska",68,2.1,ml,2026-03-04 16:37:56.751,2026-03-05 05:03:48.28,US,Low
hv74912871,-155.176166666667,19.3328333333333,3.84,"M 1.3 - 13 km SSE of Volcano, Hawaii","13 km SSE of Volcano, Hawaii",24,1.25,ml,2026-03-04 16:29:56.66,2026-03-04 19:29:44.02,US,Low
nc75322427,-122.804832458496,38.8126678466797,2.07999992370605,"M 1.0 - 6 km NW of The Geysers, CA","6 km NW of The Geysers, CA",17,1.04,md,2026-03-04 16:19:45.9,2026-03-04 17:52:21.155,US,Low
av94071218,-153.095,60.0286666666667,-0.84,"M -0.9 - 62 km ENE of Pedro Bay, Alaska","62 km ENE of Pedro Bay, Alaska",0,-0.88,ml,2026-03-04 16:17:39.58,2026-03-05 04:53:16.74,US,Low
ci41409216,-119.7705,34.3611666666667,9.74,"M 0.9 - 9 km SW of Santa Barbara, CA","9 km SW of Santa Barbara, CA",12,0.9,ml,2026-03-04 16:12:24.34,2026-03-04 20:12:09.94,US,Low
av94071213,-153.442,59.36,-0.01,"M -0.6 - 60 km SE of Pedro Bay, Alaska","60 km SE of Pedro Bay, Alaska",0,-0.61,ml,2026-03-04 16:11:29.91,2026-03-04 22:49:27.7,US,Low
av94071208,-153.439333333333,59.3648333333333,0.0,"M 0.5 - 60 km SE of Pedro Bay, Alaska","60 km SE of Pedro Bay, Alaska",4,0.53,ml,2026-03-04 16:10:27.95,2026-03-04 22:46:27.45,US,Low
ok2026ekmy,-97.3565,35.89783333,3.21,"M 0.9 - 6 km ENE of Guthrie, Oklahoma","6 km ENE of Guthrie, Oklahoma",12,0.88,ml,2026-03-04 16:03:04.44,2026-03-05 16:43:39.386,US,Low
aka2026elaxof,-161.608,54.872,63.1,"M 1.8 - 50 km ESE of King Cove, Alaska","50 km ESE of King Cove, Alaska",50,1.8,ml,2026-03-04 16:02:01.665,2026-03-05 00:13:13.627,US,Low
aka2026elawmr,-149.654,63.69,3.9,"M 1.8 - 36 km W of Denali Park, Alaska","36 km W of Denali Park, Alaska",50,1.8,ml,2026-03-04 16:00:46.507,2026-03-05 00:11:08.63,US,Low
us7000s24p,179.976,51.1244,6.814,"M 3.0 - 249 km WSW of Adak, Alaska","249 km WSW of Adak, Alaska",138,3.0,ml,2026-03-04 15:59:43.322,2026-03-06 03:38:31.04,RU,Moderate
tx2026elasge,-102.053,32.352,8.8135,"M 0.3 - 35 km NW of Stanton, Texas","35 km NW of Stanton, Texas",1,0.3,ml,2026-03-04 15:58:53.2,2026-03-05 16:09:29.152,US,Low
aka2026elasjg,-150.147,60.449,28.6,"M 1.8 - 18 km WSW of Cooper Landing, Alaska","18 km WSW of Cooper Landing, Alaska",50,1.8,ml,2026-03-04 15:56:00.244,2026-03-04 23:04:09.289,US,Low
tx2026elaqgd,-102.016,32.433,8.7646,"M 0.5 - 30 km WSW of Ackerly, Texas","30 km WSW of Ackerly, Texas",4,0.5,ml,2026-03-04 15:53:33.716,2026-03-05 16:31:51.144,US,Low
aka2026elaorf,-153.14,59.552,114.0,"M 2.5 - 60 km ESE of Pedro Bay, Alaska","60 km ESE of Pedro Bay, Alaska",96,2.5,ml,2026-03-04 15:51:41.83,2026-03-04 23:03:28.287,US,Low
av94071168,-153.098333333333,59.9925,1.36,"M -0.8 - 60 km ENE of Pedro Bay, Alaska","60 km ENE of Pedro Bay, Alaska",0,-0.76,ml,2026-03-04 15:50:14.4,2026-03-05 04:39:46.01,US,Low
aka2026elamxo,-141.717,61.23,19.4,"M 1.7 - 68 km ESE of McCarthy, Alaska","68 km ESE of McCarthy, Alaska",44,1.7,ml,2026-03-04 15:49:42.884,2026-03-04 23:02:08.276,US,Low
nc75322417,-122.789665222168,38.8033332824707,15.4200000762939,"M 1.0 - 4 km NW of The Geysers, CA","4 km NW of The Geysers, CA",14,0.95,md,2026-03-04 15:46:21.84,2026-03-04 17:27:21.984,US,Low
aka2026elahoa,-141.015,61.583,14.3,"M 2.0 - 102 km E of McCarthy, Alaska","102 km E of McCarthy, Alaska",62,2.0,ml,2026-03-04 15:43:25.797,2026-03-04 22:59:46.266,US,Low
tx2026ekzzen,-101.789,32.325,5.6885,"M 3.8 - 21 km N of Stanton, Texas","21 km N of Stanton, Texas",224,3.8,ml,2026-03-04 15:33:43.234,2026-03-05 15:51:00.325,US,Moderate
ci41409160,-116.758833333333,33.7043333333333,15.28,"M 1.1 - 5 km SW of Idyllwild, CA","5 km SW of Idyllwild, CA",18,1.09,ml,2026-03-04 15:32:50.9,2026-03-04 15:43:45.88,US,Low
aka2026ekzvbi,-156.198,57.651,111.0,"M 2.9 - 73 km ENE of Ugashik, Alaska","73 km ENE of Ugashik, Alaska",129,2.9,ml,2026-03-04 15:28:56.349,2026-03-04 23:12:04.04,US,Moderate
ci41409136,-116.416666666667,32.9418333333333,4.82,"M 0.9 - 17 km NE of Pine Valley, CA","17 km NE of Pine Valley, CA",11,0.86,ml,2026-03-04 15:24:50.42,2026-03-04 15:41:37.45,US,Low
av94071138,-153.024666666667,60.0596666666667,1.46,"M -0.7 - 67 km ENE of Pedro Bay, Alaska","67 km ENE of Pedro Bay, Alaska",0,-0.65,ml,2026-03-04 15:20:28.57,2026-03-05 04:31:46.51,US,Low
nn00911945,-116.4085,38.5191,7.7201,"M 1.6 - 87 km NE of Tonopah, Nevada","87 km NE of Tonopah, Nevada",39,1.59,ml,2026-03-04 15:11:28.277,2026-03-04 15:14:01.797,US,Low
av94071133,-153.003166666667,60.111,0.27,"M -0.4 - 71 km ENE of Pedro Bay, Alaska","71 km ENE of Pedro Bay, Alaska",0,-0.44,ml,2026-03-04 15:06:05.57,2026-03-05 04:27:15.2,US,Low
tx2026ekyxbh,-101.894,32.107,8.374,"M 1.5 - 10 km WSW of Stanton, Texas","10 km WSW of Stanton, Texas",35,1.5,ml,2026-03-04 15:04:30.474,2026-03-04 15:59:07.846,US,Low
nn00911943,-116.4794,38.4835,6.6563,"M 1.6 - 80 km NE of Tonopah, Nevada","80 km NE of Tonopah, Nevada",41,1.64,ml,2026-03-04 15:00:14.23,2026-03-04 15:02:45.163,US,Low
nc75322397,-122.766502380371,38.8446655273438,8.36999988555908,"M 0.2 - 5 km WNW of Cobb, CA","5 km WNW of Cobb, CA",1,0.2,md,2026-03-04 14:53:55.74,2026-03-04 16:07:22.421,US,Low
ci41409128,-116.9815,33.9746666666667,13.03,"M 0.8 - 5 km N of Beaumont, CA","5 km N of Beaumont, CA",11,0.83,ml,2026-03-04 14:52:25.21,2026-03-04 15:41:54.152,US,Low
aka2026ekylut,-139.929,60.527,1.0,"M 2.2 - 109 km N of Yakutat, Alaska","109 km N of Yakutat, Alaska",74,2.2,ml,2026-03-04 14:47:59.061,2026-03-04 22:57:22.859,CA,Low
nn00911942,-116.4677,38.5043,2.6409,"M 1.7 - 82 km NE of Tonopah, Nevada","82 km NE of Tonopah, Nevada",42,1.65,ml,2026-03-04 14:47:09.403,2026-03-04 14:49:43.471,US,Low
us7000s1zd,130.8949,-3.2854,16.514,"M 4.6 - 160 km WSW of Fakfak, Indonesia","160 km WSW of Fakfak, Indonesia",326,4.6,mb,2026-03-04 14:46:07.478,2026-03-04 16:23:43.04,ID,Moderate
aka2026ekxufy,-169.927,52.317,5.4,"M 3.0 - 99 km SW of Nikolski, Alaska","99 km SW of Nikolski, Alaska",138,3.0,ml,2026-03-04 14:27:26.875,2026-03-04 22:56:14.414,US,Moderate
tx2026ekxtfv,-102.04,32.348,8.7646,"M 0.7 - 33 km NW of Stanton, Texas","33 km NW of Stanton, Texas",8,0.7,ml,2026-03-04 14:26:28.265,2026-03-04 20:02:57.621,US,Low
ci41409096,-115.44,32.7123333333333,14.21,"M 2.0 - 7 km NE of Calexico, CA","7 km NE of Calexico, CA",58,1.95,ml,2026-03-04 14:26:09.35,2026-03-04 16:19:09.993,US,Low
nc75322382,-122.787330627441,38.8363342285156,1.21000003814697,"M 0.7 - 6 km WNW of Cobb, CA","6 km WNW of Cobb, CA",7,0.69,md,2026-03-04 14:20:58.01,2026-03-04 14:52:20.903,US,Low
ci41409088,-115.437333333333,32.7096666666667,15.61,"M 2.2 - 7 km ENE of Calexico, CA","7 km ENE of Calexico, CA",74,2.2,ml,2026-03-04 14:19:02.43,2026-03-04 16:20:59.9,US,Low
aka2026ekxkbk,-160.031,54.574,13.1,"M 2.3 - 90 km SSE of Sand Point, Alaska","90 km SSE of Sand Point, Alaska",81,2.3,ml,2026-03-04 14:15:50.575,2026-03-04 22:54:56.405,US,Low
ci41409080,-116.614166666667,33.461,9.54,"M 0.4 - 12 km SSE of Anza, CA","12 km SSE of Anza, CA",3,0.43,ml,2026-03-04 14:13:19.61,2026-03-04 14:40:35.54,US,Low
aka2026ekxgvx,-151.757,61.964,7.2,"M 2.0 - 19 km W of Skwentna, Alaska","19 km W of Skwentna, Alaska",62,2.0,ml,2026-03-04 14:12:05.943,2026-03-04 22:53:50.399,US,Low
ci41409072,-116.52,33.1585,4.64,"M 0.3 - 12 km NE of Julian, CA","12 km NE of Julian, CA",1,0.25,ml,2026-03-04 14:11:15.64,2026-03-04 14:40:51.181,US,Low
pr71508988,-66.8306666666667,18.0121666666667,15.8,"M 2.1 - 2 km NNW of Indios, Puerto Rico","2 km NNW of Indios, Puerto Rico",68,2.1,md,2026-03-04 14:05:14.86,2026-03-04 14:38:45.49,PR,Low
us7000s1z6,-159.8802,54.659,41.626,"M 4.4 - 85 km SSE of Sand Point, Alaska","85 km SSE of Sand Point, Alaska",298,4.4,mb,2026-03-04 13:57:42.242,2026-03-05 13:51:49.04,US,Moderate
ci41409048,-115.440166666667,32.71,12.43,"M 1.8 - 6 km ENE of Calexico, CA","6 km ENE of Calexico, CA",47,1.75,ml,2026-03-04 13:54:13.71,2026-03-04 14:05:09.3,US,Low
us7000s1z4,-139.9426,60.5383,3.628,"M 3.1 - 111 km N of Yakutat, Alaska","111 km N of Yakutat, Alaska",148,3.1,ml,2026-03-04 13:49:56.371,2026-03-05 13:31:49.04,CA,Moderate
hv74912811,-155.507507324219,19.3159999847412,3.0,"M 1.8 - 12 km NNW of Pāhala, Hawaii","12 km NNW of Pāhala, Hawaii",48,1.77,md,2026-03-04 13:44:46.13,2026-03-04 13:49:09.41,US,Low
tx2026ekwgnq,-102.044,32.35,7.2021,"M 0.7 - 34 km NW of Stanton, Texas","34 km NW of Stanton, Texas",8,0.7,ml,2026-03-04 13:43:09.22,2026-03-04 16:06:23.893,US,Low
aka2026ekwdar,-139.682,60.518,2.0,"M 2.1 - 108 km N of Yakutat, Alaska","108 km N of Yakutat, Alaska",68,2.1,ml,2026-03-04 13:37:30.111,2026-03-04 22:51:53.729,CA,Low
av93056129,-177.255,51.8878333333333,11.78,"M 1.0 - 42 km W of Adak, Alaska","42 km W of Adak, Alaska",16,1.02,ml,2026-03-04 13:27:22.74,2026-03-05 04:19:44.73,US,Low
us7000s1z1,176.3148,52.2374,10.0,"M 5.4 - 222 km ESE of Attu Station, Alaska","222 km ESE of Attu Station, Alaska",449,5.4,mww,2026-03-04 13:26:59.753,2026-03-05 13:48:11.846,RU,Moderate
aka2026ekvtgn,-174.867,51.576,17.9,"M 3.0 - 82 km SSW of Atka, Alaska","82 km SSW of Atka, Alaska",138,3.0,ml,2026-03-04 13:26:12.093,2026-03-04 14:13:39.744,US,Moderate
uu80131111,-111.921333333333,40.4128333333333,3.83,"M 2.0 - 6 km WNW of Lehi, Utah","6 km WNW of Lehi, Utah",63,1.95,ml,2026-03-04 13:14:40.03,2026-03-04 22:44:35.019,US,Low
aka2026ekvihu,-144.671,65.474,2.0,"M 1.8 - 12 km SSE of Central, Alaska","12 km SSE of Central, Alaska",50,1.8,ml,2026-03-04 13:13:25.506,2026-03-04 22:25:01.741,US,Low
tx2026ekvfdn,-104.007,31.528,6.5613,"M 1.5 - 31 km NW of Toyah, Texas","31 km NW of Toyah, Texas",35,1.5,ml,2026-03-04 13:09:46.008,2026-03-04 14:31:49.184,US,Low
aka2026ekuyad,-147.484,61.124,16.7,"M 1.5 - 52 km WNW of Tatitlek, Alaska","52 km WNW of Tatitlek, Alaska",35,1.5,ml,2026-03-04 13:01:29.947,2026-03-04 22:22:18.725,US,Low
ci41409032,-115.438333333333,32.7108333333333,15.34,"M 1.3 - 7 km ENE of Calexico, CA","7 km ENE of Calexico, CA",26,1.31,ml,2026-03-04 13:00:34,2026-03-04 22:53:32.086,US,Low
tx2026ekusmc,-102.02,32.411,8.9355,"M 1.4 - 31 km WSW of Ackerly, Texas","31 km WSW of Ackerly, Texas",30,1.4,ml,2026-03-04 12:55:08.555,2026-03-04 14:21:33.53,US,Low
ci41409024,-115.441333333333,32.712,15.7,"M 3.0 - 7 km NE of Calexico, CA","7 km NE of Calexico, CA",145,2.99,ml,2026-03-04 12:55:04.75,2026-03-05 02:18:13.314,US,Moderate
av93056124,-159.4645,56.2015,5.55,"M -0.3 - 33 km N of Ivanof Bay, Alaska","33 km N of Ivanof Bay, Alaska",0,-0.33,ml,2026-03-04 12:54:54.57,2026-03-05 04:10:14.14,US,Low
av94070998,179.650166666667,51.9578333333333,6.57,"M 0.9 - 255 km W of Adak, Alaska","255 km W of Adak, Alaska",12,0.87,ml,2026-03-04 12:54:50.27,2026-03-05 03:34:43.08,RU,Low
ci41409008,-116.8065,34.0088333333333,16.86,"M 0.5 - 10 km N of Cabazon, CA","10 km N of Cabazon, CA",3,0.46,ml,2026-03-04 12:52:17.8,2026-03-04 18:00:52.211,US,Low
tx2026ekuktq,-101.897,32.106,8.4961,"M 1.4 - 10 km WSW of Stanton, Texas","10 km WSW of Stanton, Texas",30,1.4,ml,2026-03-04 12:46:09.486,2026-03-04 14:02:39.413,US,Low
av94070988,-154.937666666667,58.2748333333333,4.06,"M -0.4 - 83 km NNW of Karluk, Alaska","83 km NNW of Karluk, Alaska",0,-0.37,ml,2026-03-04 12:45:54.37,2026-03-05 03:38:12.41,US,Low
us7000s1yw,-71.5719,-30.8255,44.762,"M 4.5 - 43 km SW of Ovalle, Chile","43 km SW of Ovalle, Chile",312,4.5,mb,2026-03-04 12:32:09.033,2026-03-04 12:48:31.04,CL,Moderate
aka2026ektvre,-152.663,60.312,102.5,"M 1.5 - 62 km WNW of Ninilchik, Alaska","62 km WNW of Ninilchik, Alaska",35,1.5,ml,2026-03-04 12:28:34.141,2026-03-04 22:20:36.716,US,Low
hv74912746,-155.0955,19.5775,1.17,"M 2.0 - 2 km NNE of Mountain View, Hawaii","2 km NNE of Mountain View, Hawaii",64,2.04,ml,2026-03-04 12:18:15.02,2026-03-04 21:59:54.1,US,Low
tx2026ekstxu,-101.843,32.312,4.7607,"M 1.0 - 20 km NNW of Stanton, Texas","20 km NNW of Stanton, Texas",15,1.0,ml,2026-03-04 11:59:51.73,2026-03-04 14:42:10.255,US,Low
nc75322362,-122.795997619629,38.8296661376953,0.959999978542328,"M 0.8 - 6 km W of Cobb, CA","6 km W of Cobb, CA",9,0.78,md,2026-03-04 11:58:23.09,2026-03-04 12:17:22.767,US,Low
av94070948,-152.991666666667,60.0181666666667,1.59,"M -0.3 - 67 km ENE of Pedro Bay, Alaska","67 km ENE of Pedro Bay, Alaska",0,-0.34,ml,2026-03-04 11:53:26.54,2026-03-05 03:30:42.83,US,Low
ci41408976,-116.429166666667,33.271,4.41,"M 1.2 - 5 km WNW of Borrego Springs, CA","5 km WNW of Borrego Springs, CA",21,1.18,ml,2026-03-04 11:48:52.47,2026-03-04 14:41:21.24,US,Low
us7000s1yr,-71.2378,-29.4557,43.102,"M 4.1 - 49 km N of La Serena, Chile","49 km N of La Serena, Chile",259,4.1,mb,2026-03-04 11:48:35.506,2026-03-04 13:04:37.04,CL,Moderate
ci41408968,-118.6915,35.1093333333333,9.49,"M 1.1 - 17 km SE of Arvin, CA","17 km SE of Arvin, CA",19,1.11,ml,2026-03-04 11:33:29.32,2026-03-04 14:41:12.243,US,Low
aka2026ekrpug,-151.729,61.002,84.1,"M 1.5 - 32 km WSW of Tyonek, Alaska","32 km WSW of Tyonek, Alaska",35,1.5,ml,2026-03-04 11:21:26.065,2026-03-04 22:18:45.971,US,Low
aka2026ekrnfy,-151.789,55.42,20.0,"M 3.3 - 219 km SSE of Old Harbor, Alaska","219 km SSE of Old Harbor, Alaska",168,3.3,ml,2026-03-04 11:18:46.676,2026-03-04 14:09:42.873,US,Moderate
us7000s1ys,176.3761,52.0741,10.0,"M 4.3 - 233 km ESE of Attu Station, Alaska","233 km ESE of Attu Station, Alaska",284,4.3,mb,2026-03-04 11:18:17.543,2026-03-04 14:01:23.874,RU,Moderate
nc75322357,-118.794502258301,37.376335144043,4.94000005722046,"M 1.3 - 18 km WSW of Round Valley, CA","18 km WSW of Round Valley, CA",27,1.33,md,2026-03-04 11:15:44.09,2026-03-04 13:32:19.331,US,Low
uu80131106,-111.854333333333,39.326,11.98,"M 1.4 - 11 km N of Fayette, Utah","11 km N of Fayette, Utah",31,1.43,ml,2026-03-04 11:12:08.32,2026-03-04 14:28:31.4,US,Low
nc75322352,-121.944664001465,37.7498321533203,6.42000007629395,"M 1.6 - 4 km SE of San Ramon, CA","4 km SE of San Ramon, CA",41,1.64,md,2026-03-04 11:07:15.59,2026-03-05 15:51:00.506,US,Low
nc75322347,-122.855667114258,38.8216667175293,2.55999994277954,"M 0.9 - 10 km WNW of The Geysers, CA","10 km WNW of The Geysers, CA",14,0.94,md,2026-03-04 11:04:06.08,2026-03-04 11:22:20.413,US,Low
av94070893,-159.701166666667,56.0111666666667,24.41,"M 0.7 - 18 km NW of Ivanof Bay, Alaska","18 km NW of Ivanof Bay, Alaska",7,0.66,ml,2026-03-04 11:02:47.69,2026-03-05 03:16:12.07,US,Low
uu80131101,-111.919666666667,40.4141666666667,3.28,"M 1.3 - 6 km WNW of Lehi, Utah","6 km WNW of Lehi, Utah",26,1.31,ml,2026-03-04 11:01:51.51,2026-03-04 14:37:59.04,US,Low
aka2026ekqufi,-165.166,53.389,27.9,"M 2.4 - 92 km SSE of Akutan, Alaska","92 km SSE of Akutan, Alaska",89,2.4,ml,2026-03-04 10:56:25.068,2026-03-04 22:17:22.409,US,Low
uu80131096,-111.915666666667,40.4088333333333,4.39,"M 2.2 - 5 km WNW of Lehi, Utah","5 km WNW of Lehi, Utah",145,2.24,ml,2026-03-04 10:51:04.98,2026-03-04 22:40:07.865,US,Moderate
us7000s1yk,155.9299,50.0238,82.125,"M 4.7 - 73 km S of Severo-Kuril’sk, Russia","73 km S of Severo-Kuril’sk, Russia",340,4.7,mb,2026-03-04 10:49:37.82,2026-03-04 11:10:01.04,RU,Moderate
aka2026ekqntv,-151.677,65.144,6.3,"M 3.0 - 19 km E of Tanana, Alaska","19 km E of Tanana, Alaska",138,3.0,ml,2026-03-04 10:48:54.248,2026-03-04 22:15:44.4,US,Moderate
aka2026ekqkkn,-150.209,63.294,106.4,"M 1.8 - 63 km W of Cantwell, Alaska","63 km W of Cantwell, Alaska",50,1.8,ml,2026-03-04 10:44:49.273,2026-03-04 22:14:23.393,US,Low
ok2026ekce,-98.043,35.61,5.4,"M 1.4 - 6 km E of Calumet, Oklahoma","6 km E of Calumet, Oklahoma",31,1.43,ml,2026-03-04 10:36:00.79,2026-03-05 16:36:45,US,Low
ok2026ekcd,-98.03383333,35.61833333,3.78,"M 1.4 - 7 km ENE of Calumet, Oklahoma","7 km ENE of Calumet, Oklahoma",32,1.44,ml,2026-03-04 10:34:53.92,2026-03-05 15:03:12.001,US,Low
us7000s1yh,-139.8688,60.6115,5.0,"M 2.9 - 118 km N of Yakutat, Alaska","118 km N of Yakutat, Alaska",129,2.9,ml,2026-03-04 10:33:11.862,2026-03-04 22:12:31.47,CA,Moderate
ci41408952,-115.437833333333,32.705,13.85,"M 2.3 - 6 km ENE of Calexico, CA","6 km ENE of Calexico, CA",82,2.31,ml,2026-03-04 10:29:29.87,2026-03-04 16:26:05.92,US,Low
nc75322342,-121.237167358398,36.5830001831055,6.05000019073486,"M 1.9 - 10 km NW of Pinnacles, CA","10 km NW of Pinnacles, CA",58,1.94,md,2026-03-04 10:22:38.12,2026-03-04 12:42:20.952,US,Low
ci41408944,-116.573833333333,33.9515,11.42,"M 0.4 - 6 km NNW of Garnet, CA","6 km NNW of Garnet, CA",2,0.35,ml,2026-03-04 10:22:36.77,2026-03-04 14:41:27.245,US,Low
aka2026ekpppw,-149.469,61.836,47.3,"M 1.6 - 16 km NW of Fishhook, Alaska","16 km NW of Fishhook, Alaska",39,1.6,ml,2026-03-04 10:20:54.581,2026-03-04 22:08:10.715,US,Low
us7000s1yf,145.8423,15.2323,119.274,"M 4.5 - 9 km ENE of Saipan, Northern Mariana Islands","9 km ENE of Saipan, Northern Mariana Islands",312,4.5,mb,2026-03-04 10:17:34.411,2026-03-04 11:22:01.076,MP,Moderate
us7000s1yd,-179.8153,-23.6463,526.923,M 4.5 - south of the Fiji Islands,south of the Fiji Islands,312,4.5,mb,2026-03-04 10:08:26.656,2026-03-04 10:26:17.04,TO,Moderate
nc75322337,-122.819831848145,38.8313331604004,1.45000004768372,"M 0.6 - 8 km NW of The Geysers, CA","8 km NW of The Geysers, CA",6,0.64,md,2026-03-04 09:55:03.22,2026-03-04 10:17:21.974,US,Low
tx2026ekoqzr,-101.946,32.103,7.6416,"M 0.6 - 15 km W of Stanton, Texas","15 km W of Stanton, Texas",6,0.6,ml,2026-03-04 09:52:20.268,2026-03-04 15:24:04.158,US,Low
tx2026ekoprn,-101.102,32.13,4.4434,"M 1.0 - 25 km E of Forsan, Texas","25 km E of Forsan, Texas",15,1.0,ml,2026-03-04 09:50:48.484,2026-03-04 18:56:45.048,US,Low
pr71508978,-66.941,17.9518333333333,9.35,"M 2.1 - 4 km WSW of Guánica, Puerto Rico","4 km WSW of Guánica, Puerto Rico",70,2.13,md,2026-03-04 09:48:07.37,2026-03-04 10:32:42.96,PR,Low
aka2026ekogwk,-165.17,53.448,25.7,"M 2.4 - 86 km SSE of Akutan, Alaska","86 km SSE of Akutan, Alaska",89,2.4,ml,2026-03-04 09:40:33.36,2026-03-04 22:05:33.7,US,Low
ok2026ekah,-98.02533333,35.62633333,5.66,"M 1.2 - 8 km ENE of Calumet, Oklahoma","8 km ENE of Calumet, Oklahoma",24,1.24,ml,2026-03-04 09:39:12.82,2026-03-04 13:36:47.286,US,Low
us7000s1yb,128.8612,-7.3749,137.978,"M 4.7 - 241 km ENE of Lospalos, Timor Leste","241 km ENE of Lospalos, Timor Leste",340,4.7,mb,2026-03-04 09:31:22.984,2026-03-04 09:50:52.04,TL,Moderate
aka2026eknylj,-151.284,59.242,9.9,"M 2.2 - 32 km SE of Seldovia, Alaska","32 km SE of Seldovia, Alaska",74,2.2,ml,2026-03-04 09:30:38.701,2026-03-04 22:04:05.695,US,Low
uu80131091,-110.4035,44.7758333333333,5.23,"M -0.3 - 32 km SE of Mammoth, Wyoming","32 km SE of Mammoth, Wyoming",0,-0.33,md,2026-03-04 09:30:04.83,2026-03-04 15:12:46.77,US,Low
tx2026eknxar,-102.027,32.411,8.5693,"M 0.6 - 31 km WSW of Ackerly, Texas","31 km WSW of Ackerly, Texas",6,0.6,ml,2026-03-04 09:29:09.155,2026-03-04 13:43:08.049,US,Low
ci41408936,-116.3105,33.3516666666667,10.71,"M 0.6 - 12 km NNE of Borrego Springs, CA","12 km NNE of Borrego Springs, CA",5,0.55,ml,2026-03-04 09:23:26.29,2026-03-05 23:30:18.866,US,Low
pr71508973,-66.9368333333333,17.9135,11.03,"M 2.2 - 7 km SSW of Guánica, Puerto Rico","7 km SSW of Guánica, Puerto Rico",77,2.23,md,2026-03-04 09:23:06.18,2026-03-04 09:58:05.23,PR,Low
ok2026ejzs,-98.00616667,35.6115,6.99,"M 1.0 - 9 km NNW of El Reno, Oklahoma","9 km NNW of El Reno, Oklahoma",17,1.04,ml,2026-03-04 09:21:41.509,2026-03-05 14:53:06.637,US,Low
aka2026eknqal,-169.714,52.33,7.0,"M 2.8 - 89 km SW of Nikolski, Alaska","89 km SW of Nikolski, Alaska",121,2.8,ml,2026-03-04 09:21:03.444,2026-03-04 22:02:50.69,US,Moderate
ok2026ejzp,-98.02766667,35.62466667,5.1,"M 1.4 - 8 km ENE of Calumet, Oklahoma","8 km ENE of Calumet, Oklahoma",28,1.36,ml,2026-03-04 09:18:03.439,2026-03-04 13:40:48.973,US,Low
ci41408928,-116.125833333333,33.819,10.9,"M 0.5 - 14 km NE of Indio, CA","14 km NE of Indio, CA",4,0.54,ml,2026-03-04 09:15:33.36,2026-03-04 16:59:42.215,US,Low
ok2026ejzm,-98.051,35.6095,4.6,"M 1.3 - 6 km E of Calumet, Oklahoma","6 km E of Calumet, Oklahoma",25,1.28,ml,2026-03-04 09:14:38.49,2026-03-04 15:24:10.634,US,Low
nc75322332,-122.81583404541,38.836498260498,1.77999997138977,"M 0.7 - 8 km WNW of Cobb, CA","8 km WNW of Cobb, CA",8,0.73,md,2026-03-04 09:10:15.04,2026-03-04 09:47:23.778,US,Low
ok2026ejzg,-98.04283333,35.61433333,5.88,"M 1.8 - 7 km ENE of Calumet, Oklahoma","7 km ENE of Calumet, Oklahoma",47,1.75,ml,2026-03-04 09:07:23.019,2026-03-04 13:11:01.23,US,Low
tx2026eknbwh,-104.01,31.53,7.1252,"M 1.5 - 31 km NW of Toyah, Texas","31 km NW of Toyah, Texas",35,1.5,ml,2026-03-04 09:04:35.728,2026-03-04 10:06:59.245,US,Low
ok2026ejzd,-98.04116667,35.61383333,3.59,"M 1.6 - 7 km ENE of Calumet, Oklahoma","7 km ENE of Calumet, Oklahoma",37,1.55,ml,2026-03-04 09:04:30.149,2026-03-04 13:33:50.398,US,Low
ci41408920,-116.431,33.2718333333333,4.12,"M 1.1 - 5 km WNW of Borrego Springs, CA","5 km WNW of Borrego Springs, CA",18,1.09,ml,2026-03-04 09:00:29.28,2026-03-04 15:16:38.81,US,Low
tx2026ekmtte,-104.008,31.529,7.074,"M 1.5 - 31 km NW of Toyah, Texas","31 km NW of Toyah, Texas",35,1.5,ml,2026-03-04 08:55:10.828,2026-03-04 10:16:35.307,US,Low
nn00911915,-116.269,36.6673,5.5024,"M 1.6 - 51 km ESE of Beatty, Nevada","51 km ESE of Beatty, Nevada",37,1.55,ml,2026-03-04 08:53:28.58,2026-03-04 08:55:25.365,US,Low
ci41408912,-115.4805,32.635,8.69,"M 1.4 - 2 km SSW of Mexicali, B.C., MX","2 km SSW of Mexicali, B.C., MX",29,1.38,ml,2026-03-04 08:48:00.9,2026-03-04 17:56:06.326,MX,Low
aka2026ekmnin,-155.832,57.525,9.0,"M 2.1 - 82 km W of Karluk, Alaska","82 km W of Karluk, Alaska",68,2.1,ml,2026-03-04 08:47:43.105,2026-03-05 01:50:06.91,US,Low
ci41408904,-116.577333333333,33.9533333333333,11.44,"M 1.4 - 6 km NNW of Garnet, CA","6 km NNW of Garnet, CA",32,1.44,ml,2026-03-04 08:46:01.23,2026-03-04 15:11:36.43,US,Low
uu80006468,-110.838,40.8861666666667,13.69,"M 0.5 - 43 km ENE of Oakley, Utah","43 km ENE of Oakley, Utah",4,0.49,md,2026-03-04 08:18:18.01,2026-03-04 22:42:05.81,US,Low
av94070753,-153.042333333333,60.0496666666667,1.26,"M -0.9 - 66 km ENE of Pedro Bay, Alaska","66 km ENE of Pedro Bay, Alaska",0,-0.87,ml,2026-03-04 08:15:29.24,2026-03-05 01:46:36.65,US,Low
tx2026ekllas,-102.061,32.401,7.7393,"M 0.7 - 35 km WSW of Ackerly, Texas","35 km WSW of Ackerly, Texas",8,0.7,ml,2026-03-04 08:15:07.861,2026-03-04 11:59:08.486,US,Low
nc75322317,-122.736335754395,38.7901649475098,1.74000000953674,"M 1.1 - 2 km NE of The Geysers, CA","2 km NE of The Geysers, CA",19,1.11,md,2026-03-04 08:11:17.54,2026-03-04 11:07:19.314,US,Low
aka2026eklcwk,-148.063,66.039,6.8,"M 2.2 - 46 km SW of Beaver, Alaska","46 km SW of Beaver, Alaska",74,2.2,ml,2026-03-04 08:05:24.307,2026-03-04 21:58:44.628,US,Low
ok2026ejxf,-98.042,35.61583333,3.58,"M 1.4 - 7 km ENE of Calumet, Oklahoma","7 km ENE of Calumet, Oklahoma",28,1.35,ml,2026-03-04 08:05:15.359,2026-03-04 13:27:18.204,US,Low
nc75322312,-122.87850189209,38.8418350219727,2.41000008583069,"M 0.9 - 13 km ENE of Cloverdale, CA","13 km ENE of Cloverdale, CA",13,0.92,md,2026-03-04 08:03:57.53,2026-03-04 08:47:23.447,US,Low
aka2026ekksmp,-149.687,62.058,53.1,"M 1.8 - 14 km SE of Susitna North, Alaska","14 km SE of Susitna North, Alaska",50,1.8,ml,2026-03-04 07:53:20.891,2026-03-04 21:57:17.62,US,Low
us7000s23l,-178.2037,51.3717,15.22,"M 3.3 - 122 km WSW of Adak, Alaska","122 km WSW of Adak, Alaska",168,3.3,ml,2026-03-04 07:49:22.008,2026-03-05 07:44:50.04,US,Moderate
tx2026ekkoez,-102.074,32.356,7.8857,"M 0.7 - 36 km NW of Stanton, Texas","36 km NW of Stanton, Texas",8,0.7,ml,2026-03-04 07:48:30.377,2026-03-04 13:07:46.83,US,Low
ci41408896,-116.620166666667,33.4591666666667,8.99,"M 1.2 - 12 km SSE of Anza, CA","12 km SSE of Anza, CA",20,1.15,ml,2026-03-04 07:44:31.36,2026-03-04 15:06:34.66,US,Low
ok2026ejwl,-98.04316667,35.61483333,3.6,"M 0.9 - 7 km ENE of Calumet, Oklahoma","7 km ENE of Calumet, Oklahoma",13,0.92,ml,2026-03-04 07:42:53.7,2026-03-05 14:40:31.091,US,Low
aka2026ekkjla,-150.398,63.248,123.7,"M 2.3 - 73 km ESE of Denali National Park, Alaska","73 km ESE of Denali National Park, Alaska",81,2.3,ml,2026-03-04 07:42:51.698,2026-03-04 21:52:20.872,US,Low
aka2026ekkiad,-151.677,59.941,71.1,"M 1.9 - 3 km ESE of Happy Valley, Alaska","3 km ESE of Happy Valley, Alaska",56,1.9,ml,2026-03-04 07:41:11.856,2026-03-04 21:50:08.859,US,Low
aka2026ekkhca,-149.418,62.516,55.9,"M 1.8 - 36 km ENE of Chase, Alaska","36 km ENE of Chase, Alaska",50,1.8,ml,2026-03-04 07:40:10.888,2026-03-04 21:48:05.039,US,Low
tx2026ekkfos,-102.209,32.14,5.1514,"M 0.6 - 20 km NW of Midland, Texas","20 km NW of Midland, Texas",6,0.6,ml,2026-03-04 07:38:24.501,2026-03-05 16:32:39.151,US,Low
ci41408888,-115.438666666667,32.7065,15.62,"M 1.6 - 6 km ENE of Calexico, CA","6 km ENE of Calexico, CA",41,1.64,ml,2026-03-04 07:37:37.32,2026-03-04 16:14:00.456,US,Low
us7000s23j,-159.9159,54.4072,10.0,"M 2.3 - 109 km SSE of Sand Point, Alaska","109 km SSE of Sand Point, Alaska",81,2.3,ml,2026-03-04 07:32:23.238,2026-03-05 07:40:34.04,US,Low
nc75322307,-122.058166503906,37.9686660766602,13.9899997711182,"M 1.2 - 2 km SE of Pacheco, CA","2 km SE of Pacheco, CA",21,1.17,md,2026-03-04 07:25:48.11,2026-03-04 10:07:23.904,US,Low
tx2026ekjskh,-102.165,32.331,6.5918,"M 0.7 - 34 km E of McKinney Acres, Texas","34 km E of McKinney Acres, Texas",8,0.7,ml,2026-03-04 07:23:07.706,2026-03-04 12:16:25.9,US,Low
ci41408880,-115.408,31.3946666666667,4.37,"M 2.6 - 95 km SSW of Alberto Oviedo Mota, B.C., MX","95 km SSW of Alberto Oviedo Mota, B.C., MX",106,2.62,ml,2026-03-04 07:12:38,2026-03-04 22:39:12.924,MX,Moderate
nc75322297,-121.651,37.6008333333333,8.73,"M 1.3 - 14 km SE of Livermore, CA","14 km SE of Livermore, CA",26,1.29,md,2026-03-04 07:08:43.07,2026-03-05 14:32:25.5,US,Low
ci41408872,-117.486,35.6125,6.29,"M 0.6 - 17 km E of Ridgecrest, CA","17 km E of Ridgecrest, CA",5,0.58,ml,2026-03-04 07:02:19.6,2026-03-04 17:41:43.802,US,Low
us7000s1xu,-93.1603,13.8599,10.0,"M 4.2 - 124 km SW of Puerto Madero, Mexico","124 km SW of Puerto Madero, Mexico",271,4.2,mb,2026-03-04 06:59:57.472,2026-03-05 07:38:07.04,MX,Moderate
us7000s23h,-169.9918,52.3233,10.0,"M 2.8 - 102 km SW of Nikolski, Alaska","102 km SW of Nikolski, Alaska",121,2.8,ml,2026-03-04 06:59:56.414,2026-03-05 06:51:32.04,US,Moderate
aka2026ekivhl,-152.395,60.09,84.7,"M 1.6 - 40 km WNW of Happy Valley, Alaska","40 km WNW of Happy Valley, Alaska",39,1.6,ml,2026-03-04 06:56:16.911,2026-03-04 21:42:01.207,US,Low
nn00911906,-119.0444,39.1634,6.7464,"M 2.6 - 22 km NNE of Yerington, Nevada","22 km NNE of Yerington, Nevada",101,2.56,ml,2026-03-04 06:45:42.716,2026-03-05 06:42:21.04,US,Moderate
us7000s1xq,130.9963,-3.2467,10.0,"M 4.9 - 149 km WSW of Fakfak, Indonesia","149 km WSW of Fakfak, Indonesia",369,4.9,mb,2026-03-04 06:44:25.033,2026-03-04 07:22:30.04,ID,Moderate
ci41408864,-117.129333333333,34.036,5.87,"M 0.7 - 4 km S of Mentone, CA","4 km S of Mentone, CA",7,0.68,ml,2026-03-04 06:38:33.06,2026-03-04 06:42:02.205,US,Low
tx2026ekhyww,-101.896,32.107,8.7646,"M 1.3 - 10 km WSW of Stanton, Texas","10 km WSW of Stanton, Texas",26,1.3,ml,2026-03-04 06:30:34.325,2026-03-04 09:03:28.483,US,Low
aka2026ekhwns,-147.354,61.735,25.9,"M 1.9 - 17 km ESE of Glacier View, Alaska","17 km ESE of Glacier View, Alaska",56,1.9,ml,2026-03-04 06:27:32.713,2026-03-04 21:39:01.511,US,Low
nc75322287,-122.807334899902,38.7946662902832,2.97000002861023,"M 0.7 - 5 km WNW of The Geysers, CA","5 km WNW of The Geysers, CA",8,0.73,md,2026-03-04 06:26:22.07,2026-03-04 06:47:26.535,US,Low
tx2026ekhvbb,-101.915,31.879,4.1992,"M 0.5 - 20 km SE of Midland, Texas","20 km SE of Midland, Texas",4,0.5,ml,2026-03-04 06:25:50.295,2026-03-04 14:50:20.312,US,Low
us7000s1xj,15.4313,37.8259,10.0,"M 4.5 - 12 km ESE of Letojanni, Italy","12 km ESE of Letojanni, Italy",314,4.5,mb,2026-03-04 06:05:15.24,2026-03-05 02:12:19.773,IT,Moderate
aka2026ekgmhh,-151.9,60.74,89.1,"M 2.4 - 33 km W of Nikiski, Alaska","33 km W of Nikiski, Alaska",89,2.4,ml,2026-03-04 05:45:29.836,2026-03-04 21:37:15.505,US,Low
us7000s23d,-169.7237,52.4639,10.0,"M 3.0 - 78 km SW of Nikolski, Alaska","78 km SW of Nikolski, Alaska",138,3.0,ml,2026-03-04 05:41:59.822,2026-03-05 08:36:02.04,US,Moderate
nc75322277,-118.824165344238,37.5126647949219,3.27999997138977,"M 1.2 - 14 km WSW of Toms Place, CA","14 km WSW of Toms Place, CA",24,1.24,md,2026-03-04 05:37:02.76,2026-03-04 07:37:20.895,US,Low
aka2026ekfwhf,-151.156,63.459,3.8,"M 1.7 - 29 km ESE of Denali National Park, Alaska","29 km ESE of Denali National Park, Alaska",44,1.7,ml,2026-03-04 05:26:55.873,2026-03-04 21:31:50.799,US,Low
tx2026ekfvyi,-101.934,31.778,7.4707,"M 0.4 - 27 km SSE of Midland, Texas","27 km SSE of Midland, Texas",2,0.4,ml,2026-03-04 05:26:39.381,2026-03-05 16:19:00.515,US,Low
ok2026ejru,-98.04616667,35.61083333,6.78,"M 1.2 - 6 km E of Calumet, Oklahoma","6 km E of Calumet, Oklahoma",22,1.19,ml,2026-03-04 05:21:35.689,2026-03-05 14:22:51.82,US,Low
av94070538,-155.3175,58.1773333333333,2.03,"M 0.2 - 84 km NW of Karluk, Alaska","84 km NW of Karluk, Alaska",1,0.21,ml,2026-03-04 05:16:54.84,2026-03-05 00:31:33.18,US,Low
us7000s1z5,176.2698,51.9029,10.0,"M 3.8 - 234 km ESE of Attu Station, Alaska","234 km ESE of Attu Station, Alaska",222,3.8,mb,2026-03-04 05:06:51.248,2026-03-05 08:20:21.04,RU,Moderate
hv74912646,-155.011993408203,19.2878341674805,35.2700004577637,"M 1.8 - 22 km SSW of Leilani Estates, Hawaii","22 km SSW of Leilani Estates, Hawaii",49,1.78,md,2026-03-04 05:04:44.4,2026-03-04 05:08:08.41,US,Low
tx2026ekfbmz,-104.01,31.526,7.1765,"M 1.5 - 31 km NW of Toyah, Texas","31 km NW of Toyah, Texas",35,1.5,ml,2026-03-04 05:02:48.236,2026-03-04 09:28:07.191,US,Low
tx2026ekeykw,-101.896,32.108,8.8623,"M 1.3 - 10 km WSW of Stanton, Texas","10 km WSW of Stanton, Texas",26,1.3,ml,2026-03-04 04:59:14.131,2026-03-04 08:50:35.113,US,Low
aka2026ekeygd,-152.808,59.592,84.9,"M 1.9 - 56 km WNW of Nanwalek, Alaska","56 km WNW of Nanwalek, Alaska",56,1.9,ml,2026-03-04 04:59:04.671,2026-03-04 20:24:53.469,US,Low
nn00911889,-116.4513,38.4953,2.1941,"M 1.7 - 83 km NE of Tonopah, Nevada","83 km NE of Tonopah, Nevada",46,1.73,ml,2026-03-04 04:29:47.039,2026-03-04 04:32:28.222,US,Low
aka2026ekdxty,-139.486,60.402,3.6,"M 2.1 - 96 km N of Yakutat, Alaska","96 km N of Yakutat, Alaska",68,2.1,ml,2026-03-04 04:28:18.165,2026-03-04 20:20:56.445,CA,Low
nn00911886,-117.7547,38.184,7.0999,"M 2.4 - 38 km SE of Mina, Nevada","38 km SE of Mina, Nevada",89,2.41,ml,2026-03-04 04:25:32.352,2026-03-04 17:23:36.175,US,Low
ok2026ejpv,-98.04133333,35.60983333,5.4,"M 1.2 - 7 km E of Calumet, Oklahoma","7 km E of Calumet, Oklahoma",21,1.16,ml,2026-03-04 04:22:23.46,2026-03-05 14:17:16.569,US,Low
us7000s1xt,129.457,-6.6395,169.735,M 4.5 - Banda Sea,Banda Sea,312,4.5,mb,2026-03-04 04:19:52.911,2026-03-04 22:44:29.04,TL,Moderate
us7000s1wl,-81.0108,-3.9482,35.0,"M 4.5 - 18 km NNE of Máncora, Peru","18 km NNE of Máncora, Peru",312,4.5,mb,2026-03-04 04:14:24.786,2026-03-04 04:29:45.04,PE,Moderate
us7000s1ws,146.057,20.1367,35.0,M 4.7 - Mariana Islands region,Mariana Islands region,340,4.7,mb,2026-03-04 04:14:06.494,2026-03-04 04:41:26.04,MP,Moderate
nc75322257,-122.064331054688,37.9686660766602,14.4399995803833,"M 1.2 - 2 km SSE of Pacheco, CA","2 km SSE of Pacheco, CA",24,1.24,md,2026-03-04 04:10:14.85,2026-03-04 05:52:21.246,US,Low
nc75322252,-122.76016998291,38.7918319702148,1.29999995231628,"M 0.4 - 2 km NNW of The Geysers, CA","2 km NNW of The Geysers, CA",3,0.44,md,2026-03-04 04:06:30.93,2026-03-04 05:27:21.996,US,Low
aka2026ekddxp,-146.813,61.159,0.0,"M 1.5 Ice Quake - 25 km W of Valdez, Alaska","25 km W of Valdez, Alaska",35,1.5,ml,2026-03-04 04:05:16.213,2026-03-04 20:18:41.571,US,Low
tx2026ekcuxv,-104.007,31.526,6.8689,"M 1.8 - 31 km NW of Toyah, Texas","31 km NW of Toyah, Texas",50,1.8,ml,2026-03-04 03:54:49.472,2026-03-04 09:15:04.119,US,Low
aka2026ekcolv,-149.851,61.045,40.3,"M 1.9 - 18 km NW of Hope, Alaska","18 km NW of Hope, Alaska",56,1.9,ml,2026-03-04 03:47:19.496,2026-03-04 20:17:27.565,US,Low
tx2026ekckcf,-101.896,32.105,8.374,"M 0.9 - 10 km WSW of Stanton, Texas","10 km WSW of Stanton, Texas",12,0.9,ml,2026-03-04 03:42:26.566,2026-03-04 11:25:58.752,US,Low
aka2026ekcdbn,-142.696,60.568,13.3,"M 2.7 - 97 km S of McCarthy, Alaska","97 km S of McCarthy, Alaska",112,2.7,ml,2026-03-04 03:34:06.449,2026-03-04 20:15:48.56,US,Moderate
aka2026ekbykr,-147.457,63.583,9.9,"M 1.5 - 74 km ESE of Denali Park, Alaska","74 km ESE of Denali Park, Alaska",35,1.5,ml,2026-03-04 03:28:41.946,2026-03-04 20:14:34.555,US,Low
aka2026ekboms,-149.086,66.101,11.4,"M 1.7 - 10 km N of Stevens Village, Alaska","10 km N of Stevens Village, Alaska",44,1.7,ml,2026-03-04 03:17:11.812,2026-03-04 20:13:46.552,US,Low
aka2026ekbmal,-160.764,67.898,9.0,"M 2.9 - 90 km ESE of Red Dog Mine, Alaska","90 km ESE of Red Dog Mine, Alaska",129,2.9,ml,2026-03-04 03:14:17.909,2026-03-04 23:23:59.04,US,Moderate
aka2026ekbktd,-156.382,58.118,17.0,"M 1.6 - 59 km E of Egegik, Alaska","59 km E of Egegik, Alaska",39,1.6,ml,2026-03-04 03:12:50.372,2026-03-04 23:59:31.54,US,Low
av94070418,-153.088,60.045,-2.26,"M -0.8 - 63 km ENE of Pedro Bay, Alaska","63 km ENE of Pedro Bay, Alaska",0,-0.79,ml,2026-03-04 03:08:52.75,2026-03-04 23:56:31.29,US,Low
tx2026ekbhef,-101.918,32.121,9.0088,"M 2.2 - 12 km W of Stanton, Texas","12 km W of Stanton, Texas",74,2.2,ml,2026-03-04 03:08:41.24,2026-03-04 08:34:00.017,US,Low
aka2026ekbfxc,-150.73,60.418,50.1,"M 2.0 - 9 km S of Funny River, Alaska","9 km S of Funny River, Alaska",62,2.0,ml,2026-03-04 03:07:12.938,2026-03-04 20:06:12.521,US,Low
aka2026ekbfap,-139.551,60.45,7.4,"M 2.2 - 101 km N of Yakutat, Alaska","101 km N of Yakutat, Alaska",74,2.2,ml,2026-03-04 03:06:06.077,2026-03-04 20:04:03.509,CA,Low
us7000s22h,-166.8038,53.1958,35.0,"M 2.6 - 77 km SSW of Unalaska, Alaska","77 km SSW of Unalaska, Alaska",104,2.6,ml,2026-03-04 02:59:11.739,2026-03-04 23:03:12.04,US,Moderate
aka2026ekawvt,-150.762,60.783,56.4,"M 1.8 - 16 km SSW of Point Possession, Alaska","16 km SSW of Point Possession, Alaska",50,1.8,ml,2026-03-04 02:56:42.099,2026-03-04 20:00:20.243,US,Low
us7000s1wa,176.232,52.0419,10.0,"M 4.4 - 225 km ESE of Attu Station, Alaska","225 km ESE of Attu Station, Alaska",298,4.4,mb,2026-03-04 02:54:02.138,2026-03-04 03:26:49.04,RU,Moderate
aka2026ekasju,-153.005,59.812,102.3,"M 2.0 - 61 km E of Pedro Bay, Alaska","61 km E of Pedro Bay, Alaska",62,2.0,ml,2026-03-04 02:51:31.593,2026-03-04 19:57:57.224,US,Low
nc75322242,-122.785331726074,38.8318328857422,2.42000007629395,"M 0.7 - 5 km WNW of Cobb, CA","5 km WNW of Cobb, CA",7,0.68,md,2026-03-04 02:47:50.84,2026-03-04 04:17:23.52,US,Low
us7000s22e,-169.7392,52.4369,14.333,"M 2.8 - 81 km SW of Nikolski, Alaska","81 km SW of Nikolski, Alaska",121,2.8,ml,2026-03-04 02:47:49.947,2026-03-04 22:52:50.04,US,Moderate
ci41408816,-116.241833333333,32.9156666666667,6.95,"M 1.1 - 27 km SSW of Ocotillo Wells, CA","27 km SSW of Ocotillo Wells, CA",18,1.09,ml,2026-03-04 02:46:18.65,2026-03-04 14:42:33.248,US,Low
uu80131086,-113.4165,37.2988333333333,5.07,"M 1.4 - 8 km NW of Leeds, Utah","8 km NW of Leeds, Utah",28,1.35,ml,2026-03-04 02:39:32.83,2026-03-04 14:57:36.04,US,Low
nc75322237,-122.785331726074,38.8366661071777,1.63999998569489,"M 0.4 - 6 km WNW of Cobb, CA","6 km WNW of Cobb, CA",3,0.44,md,2026-03-04 02:38:34.87,2026-03-04 03:52:20.36,US,Low
us7000s1w4,-165.238,53.4314,10.0,"M 2.2 - 85 km SSE of Akutan, Alaska","85 km SSE of Akutan, Alaska",74,2.2,ml,2026-03-04 02:36:12.089,2026-03-06 03:40:10.04,US,Low
tx2026ekaepm,-100.672,32.744,6.5186,"M 0.8 - 14 km NE of Hermleigh, Texas","14 km NE of Hermleigh, Texas",10,0.8,ml,2026-03-04 02:35:32.221,2026-03-04 12:46:45.487,US,Low
pr71508963,-65.1578333333333,17.8685,8.09,"M 2.8 - 41 km SE of Esperanza, Puerto Rico","41 km SE of Esperanza, Puerto Rico",121,2.8,md,2026-03-04 02:34:46.51,2026-03-04 03:27:51.18,PR,Moderate
aka2026ejzzkt,-147.367,60.461,20.9,"M 1.7 - 56 km NE of Chenega, Alaska","56 km NE of Chenega, Alaska",44,1.7,ml,2026-03-04 02:29:31.031,2026-03-04 02:45:14.732,US,Low
aka2026ejzxxq,-139.903,60.601,11.1,"M 1.9 - 117 km N of Yakutat, Alaska","117 km N of Yakutat, Alaska",56,1.9,ml,2026-03-04 02:27:47.193,2026-03-04 02:43:28.721,CA,Low
aka2026ejzvxg,-139.674,60.463,0.8,"M 2.1 - 102 km N of Yakutat, Alaska","102 km N of Yakutat, Alaska",68,2.1,ml,2026-03-04 02:25:26.956,2026-03-04 02:42:23.716,CA,Low
us7000s1vy,-104.8838,36.9674,3.091,"M 2.5 - 18 km S of Weston, Colorado","18 km S of Weston, Colorado",96,2.5,ml,2026-03-04 02:18:14.913,2026-03-04 02:24:51.04,US,Low
uu80131081,-111.526666666667,41.184,7.16,"M 1.6 - 18 km N of Henefer, Utah","18 km N of Henefer, Utah",41,1.64,ml,2026-03-04 02:05:38,2026-03-04 14:35:41.2,US,Low
aka2026ejywlf,-151.324,63.486,0.9,"M 1.7 - 20 km ESE of Denali National Park, Alaska","20 km ESE of Denali National Park, Alaska",44,1.7,ml,2026-03-04 01:55:53.299,2026-03-04 02:41:27.711,US,Low
nc75322227,-122.751335144043,38.798168182373,1.62999999523163,"M 0.8 - 2 km N of The Geysers, CA","2 km N of The Geysers, CA",9,0.78,md,2026-03-04 01:52:58.66,2026-03-04 02:17:22.753,US,Low
ci41408792,-116.7955,33.6826666666667,15.5,"M 1.5 - 10 km SW of Idyllwild, CA","10 km SW of Idyllwild, CA",35,1.51,ml,2026-03-04 01:49:22.44,2026-03-04 14:42:40.435,US,Low
aka2026ejyoqq,-151.561,60.038,68.0,"M 1.8 - 6 km ESE of Ninilchik, Alaska","6 km ESE of Ninilchik, Alaska",50,1.8,ml,2026-03-04 01:46:51.198,2026-03-04 01:51:02.207,US,Low
ci41408784,-116.800833333333,33.6851666666667,15.53,"M 1.1 - 10 km SW of Idyllwild, CA","10 km SW of Idyllwild, CA",20,1.14,ml,2026-03-04 01:41:01.74,2026-03-04 14:42:40.198,US,Low
ci41408776,-117.396833333333,35.9475,2.13,"M 1.0 - 20 km N of Searles Valley, CA","20 km N of Searles Valley, CA",17,1.04,ml,2026-03-04 01:36:22.59,2026-03-04 14:42:52.557,US,Low
ci41408768,-116.800333333333,33.687,15.2,"M 1.1 - 10 km SW of Idyllwild, CA","10 km SW of Idyllwild, CA",19,1.11,ml,2026-03-04 01:32:31.68,2026-03-04 14:43:00.73,US,Low
tx2026ejybfk,-104.008,31.531,7.4585,"M 1.5 - 31 km NW of Toyah, Texas","31 km NW of Toyah, Texas",35,1.5,ml,2026-03-04 01:31:15.763,2026-03-04 09:48:28.947,US,Low
nc75322222,-124.383499145508,40.6713333129883,25.4500007629395,"M 2.1 - 15 km NW of Ferndale, CA","15 km NW of Ferndale, CA",65,2.06,md,2026-03-04 01:28:02.68,2026-03-04 03:27:21.212,US,Low
us7000s1vn,-169.8928,52.3949,10.0,"M 2.6 - 92 km SW of Nikolski, Alaska","92 km SW of Nikolski, Alaska",104,2.6,ml,2026-03-04 01:13:53.366,2026-03-04 03:39:44.04,US,Moderate
nc75322212,-122.764999389648,38.821834564209,2.55999994277954,"M 1.1 - 4 km W of Cobb, CA","4 km W of Cobb, CA",17,1.05,md,2026-03-04 00:53:03.25,2026-03-04 01:17:22.322,US,Low
aka2026ejwtzj,-156.344,60.292,10.0,"M 2.2 - 81 km NE of Koliganek, Alaska","81 km NE of Koliganek, Alaska",74,2.2,ml,2026-03-04 00:52:41.77,2026-03-04 01:44:39.787,US,Low
aka2026ejwsyl,-136.225,57.223,4.2,"M 1.9 - 57 km WNW of Sitka, Alaska","57 km WNW of Sitka, Alaska",56,1.9,ml,2026-03-04 00:51:36.762,2026-03-04 23:35:30.19,US,Low
us7000s1vd,143.379,39.7309,35.0,"M 4.7 - 123 km E of Miyako, Japan","123 km E of Miyako, Japan",340,4.7,mb,2026-03-04 00:48:42.061,2026-03-05 02:33:47.04,JP,Moderate
ci41408720,-116.736,33.526,3.77,"M 0.7 - 7 km WSW of Anza, CA","7 km WSW of Anza, CA",8,0.71,ml,2026-03-04 00:45:49.82,2026-03-04 14:56:28.24,US,Low
pr71508958,-66.9416666666667,17.9548333333333,10.67,"M 2.0 - 4 km WSW of Guánica, Puerto Rico","4 km WSW of Guánica, Puerto Rico",62,2.01,md,2026-03-04 00:37:47.12,2026-03-04 00:51:28.58,PR,Low
us7000s1vl,-160.4401,54.3714,35.0,"M 2.6 - 107 km S of Sand Point, Alaska","107 km S of Sand Point, Alaska",104,2.6,ml,2026-03-04 00:32:20.466,2026-03-05 01:56:28.04,US,Moderate
ci41408704,-116.8015,33.2485,11.86,"M 0.9 - 4 km WNW of Lake Henshaw, CA","4 km WNW of Lake Henshaw, CA",12,0.9,ml,2026-03-04 00:30:14.52,2026-03-04 14:43:14.278,US,Low
nc75322207,-122.71883392334,38.7599983215332,0.0799999982118607,"M 0.6 - 3 km SW of Anderson Springs, CA","3 km SW of Anderson Springs, CA",5,0.57,md,2026-03-04 00:30:05.44,2026-03-04 00:31:41.404,US,Low
aka2026ejwaoz,-140.023,60.491,13.7,"M 1.8 - 106 km N of Yakutat, Alaska","106 km N of Yakutat, Alaska",50,1.8,ml,2026-03-04 00:30:01.605,2026-03-04 01:38:24.93,CA,Low
nc75322197,-122.72566986084,38.7696647644043,0.319999992847443,"M 1.3 - 3 km ESE of The Geysers, CA","3 km ESE of The Geysers, CA",25,1.27,md,2026-03-04 00:29:41.94,2026-03-04 03:12:25.114,US,Low
ci41408696,-116.9395,34.1241666666667,3.81,"M 2.0 - 14 km S of Big Bear Lake, CA","14 km S of Big Bear Lake, CA",58,1.95,ml,2026-03-04 00:29:29.28,2026-03-04 17:11:51.383,US,Low
aka2026ejvzch,-149.789,60.821,41.0,"M 1.7 - 13 km SW of Hope, Alaska","13 km SW of Hope, Alaska",44,1.7,ml,2026-03-04 00:28:27.35,2026-03-04 01:35:51.918,US,Low
us7000s1va,16.2106,43.8501,17.831,"M 3.7 - 4 km ESE of Drniš, Croatia","4 km ESE of Drniš, Croatia",211,3.7,mb,2026-03-04 00:23:15.995,2026-03-05 01:49:23.04,HR,Moderate
ci41408680,-117.678166666667,35.0335,-0.76,"M 1.7 - 5 km NW of Boron, CA","5 km NW of Boron, CA",42,1.65,ml,2026-03-04 00:20:02.14,2026-03-04 00:23:37.389,US,Low
av94070228,-153.0395,60.073,1.07,"M -0.8 - 67 km ENE of Pedro Bay, Alaska","67 km ENE of Pedro Bay, Alaska",0,-0.79,ml,2026-03-04 00:17:32.42,2026-03-04 23:28:59.79,US,Low
ci41408672,-116.623,33.5741666666667,14.39,"M 2.2 - 5 km ENE of Anza, CA","5 km ENE of Anza, CA",75,2.21,ml,2026-03-04 00:14:14.56,2026-03-04 23:31:40.57,US,Low
ci41408656,-116.617833333333,33.576,14.51,"M 1.4 - 6 km ENE of Anza, CA","6 km ENE of Anza, CA",31,1.42,ml,2026-03-04 00:13:42.76,2026-03-04 22:36:26.92,US,Low
ci10228766,-116.613666666667,33.584,15.65,"M 1.1 - 6 km ENE of Anza, CA","6 km ENE of Anza, CA",20,1.14,ml,2026-03-04 00:13:26.81,2026-03-04 22:34:24.368,US,Low
ci10228742,-116.615,33.579,14.07,"M 1.1 - 6 km ENE of Anza, CA","6 km ENE of Anza, CA",19,1.12,ml,2026-03-04 00:13:20.95,2026-03-04 22:28:24.09,US,Low
aka2026ejvkdr,-147.398,64.975,0.0,"M 1.3 Quarry Blast - 10 km E of Fox, Alaska","10 km E of Fox, Alaska",26,1.3,ml,2026-03-04 00:11:06.764,2026-03-04 01:33:45.908,US,Low
us7000s1vk,-161.7437,54.7199,49.137,"M 2.9 - 52 km SE of King Cove, Alaska","52 km SE of King Cove, Alaska",129,2.9,ml,2026-03-04 00:09:26.514,2026-03-05 01:28:27.04,US,Moderate
aka2026ejvggi,-142.697,60.573,14.3,"M 2.8 - 96 km S of McCarthy, Alaska","96 km S of McCarthy, Alaska",121,2.8,ml,2026-03-04 00:06:35.875,2026-03-05 01:18:55.04,US,Moderate
ci41408632,-116.430166666667,33.2716666666667,4.83,"M 1.5 - 5 km WNW of Borrego Springs, CA","5 km WNW of Borrego Springs, CA",34,1.48,ml,2026-03-03 23:56:11.25,2026-03-04 16:47:48.251,US,Low
nn00911834,-116.2696,36.6594,7.344,"M 1.8 - 51 km ESE of Beatty, Nevada","51 km ESE of Beatty, Nevada",50,1.81,ml,2026-03-03 23:54:54.365,2026-03-05 20:44:36.266,US,Low
pr71508953,-66.9436666666667,17.9715,8.18,"M 1.9 - 3 km WSW of Fuig, Puerto Rico","3 km WSW of Fuig, Puerto Rico",56,1.91,md,2026-03-03 23:48:04.55,2026-03-04 00:55:34.65,PR,Low
aka2026ejukzq,-152.286,59.597,82.1,"M 2.1 - 32 km SW of Anchor Point, Alaska","32 km SW of Anchor Point, Alaska",68,2.1,ml,2026-03-03 23:41:55.415,2026-03-04 04:20:56.305,US,Low
aka2026ejugta,-139.564,60.43,6.6,"M 1.9 - 98 km N of Yakutat, Alaska","98 km N of Yakutat, Alaska",56,1.9,ml,2026-03-03 23:36:58.881,2026-03-04 04:22:06.31,CA,Low
uw62229876,-122.81633333333333,46.34866666666667,-0.47,"M 1.3 Explosion - 10 km SSE of Toledo, Washington","10 km SSE of Toledo, Washington",25,1.27,ml,2026-03-03 23:29:58.67,2026-03-04 00:32:30.67,US,Low
ci41408608,-116.723166666667,33.6981666666667,18.53,"M 1.3 - 5 km S of Idyllwild, CA","5 km S of Idyllwild, CA",25,1.27,ml,2026-03-03 23:28:41.97,2026-03-04 20:52:48.55,US,Low
aka2026ejtyof,-142.714,60.577,12.8,"M 1.5 - 96 km S of McCarthy, Alaska","96 km S of McCarthy, Alaska",35,1.5,ml,2026-03-03 23:27:30.06,2026-03-04 04:22:11.312,US,Low
ci41408592,-117.557833333333,34.1915,9.98,"M 1.1 - 8 km NNE of Rancho Cucamonga, CA","8 km NNE of Rancho Cucamonga, CA",20,1.14,ml,2026-03-03 23:21:08.09,2026-03-03 23:24:37.99,US,Low
nc75322167,-122.868835449219,38.8411674499512,8.93000030517578,"M 0.7 - 12 km NW of The Geysers, CA","12 km NW of The Geysers, CA",8,0.74,md,2026-03-03 23:17:16.14,2026-03-04 00:07:19.876,US,Low
ci41408576,-116.534333333333,33.1483333333333,5.0,"M 0.5 - 10 km NE of Julian, CA","10 km NE of Julian, CA",4,0.49,ml,2026-03-03 23:07:28.04,2026-03-04 17:18:06.216,US,Low
nc75322157,-124.514831542969,40.3251647949219,22.3899993896484,"M 1.7 - 19 km W of Petrolia, CA","19 km W of Petrolia, CA",47,1.74,md,2026-03-03 23:02:57.43,2026-03-04 01:52:23.572,US,Low
aka2026ejsvcd,-156.551,57.825,138.2,"M 2.7 - 61 km NE of Ugashik, Alaska","61 km NE of Ugashik, Alaska",112,2.7,ml,2026-03-03 22:53:17.776,2026-03-05 01:09:47.04,US,Moderate
nc75322152,-122.836334228516,38.8385009765625,1.3400000333786,"M 0.5 - 10 km NW of The Geysers, CA","10 km NW of The Geysers, CA",3,0.45,md,2026-03-03 22:50:57.09,2026-03-03 22:52:33.955,US,Low
nc75322147,-122.832664489746,38.8375015258789,0.28999999165535,"M 1.1 - 9 km NW of The Geysers, CA","9 km NW of The Geysers, CA",19,1.11,md,2026-03-03 22:49:37.99,2026-03-04 01:27:20.403,US,Low
uw62229866,-115.9725,47.461333333333336,-2.0,"M 2.3 Explosion - 3 km WSW of Wallace, Idaho","3 km WSW of Wallace, Idaho",83,2.32,ml,2026-03-03 22:46:20.3,2026-03-04 22:58:12.97,US,Low
nn00911822,-117.156,38.6742,15.9868,"M 2.0 - 59 km S of Kingston, Nevada","59 km S of Kingston, Nevada",63,2.02,ml,2026-03-03 22:46:01.485,2026-03-03 22:48:31.096,US,Low
nc75322142,-122.758666992188,38.7843322753906,2.15000009536743,"M 0.7 - 1 km NNW of The Geysers, CA","1 km NNW of The Geysers, CA",8,0.74,md,2026-03-03 22:44:01.43,2026-03-03 22:45:35.621,US,Low
nc75322137,-122.807334899902,38.8196678161621,2.82999992370605,"M 1.1 - 6 km NW of The Geysers, CA","6 km NW of The Geysers, CA",18,1.08,md,2026-03-03 22:43:14.24,2026-03-03 23:27:23.591,US,Low
nc75322132,-122.803001403809,38.8356666564941,0.209999993443489,"M 0.8 - 7 km WNW of Cobb, CA","7 km WNW of Cobb, CA",9,0.77,md,2026-03-03 22:38:14.19,2026-03-03 23:17:25.529,US,Low
uw62229856,-122.14166666666667,49.104166666666664,-0.66,"M 1.3 Explosion - 9 km ENE of Abbotsford, Canada","9 km ENE of Abbotsford, Canada",24,1.25,ml,2026-03-03 22:33:31.34,2026-03-04 19:19:28.32,CA,Low
nc75322127,-121.055999755859,36.025333404541,12.2700004577637,"M 1.1 - 12 km SSW of San Lucas, CA","12 km SSW of San Lucas, CA",20,1.13,md,2026-03-03 22:15:26.69,2026-03-04 00:42:21.123,US,Low
ci41408536,-117.804166666667,34.1545,14.03,"M 1.3 - 5 km N of San Dimas, CA","5 km N of San Dimas, CA",24,1.25,ml,2026-03-03 22:15:07.83,2026-03-05 23:18:29.272,US,Low
tx2026ejrkfc,-104.004,31.532,6.0999,"M 1.5 - 31 km NW of Toyah, Texas","31 km NW of Toyah, Texas",35,1.5,ml,2026-03-03 22:10:46.186,2026-03-04 09:39:13.876,US,Low
hv74912511,-155.653833333333,19.5128333333333,45.55,"M 2.3 - 23 km ENE of Honaunau-Napoopoo, Hawaii","23 km ENE of Honaunau-Napoopoo, Hawaii",80,2.28,ml,2026-03-03 22:09:42.11,2026-03-05 01:00:56.04,US,Low
nc75322117,-121.662498474121,37.5579986572266,7.76000022888184,"M 1.7 - 17 km SE of Livermore, CA","17 km SE of Livermore, CA",46,1.72,md,2026-03-03 22:09:11.57,2026-03-05 00:08:28.094,US,Low
aka2026ejrini,-150.612,63.213,123.6,"M 1.7 - 66 km SE of Denali National Park, Alaska","66 km SE of Denali National Park, Alaska",44,1.7,ml,2026-03-03 22:08:31.653,2026-03-04 04:27:47.34,US,Low
av94070128,-153.0385,60.023,0.49,"M -0.9 - 65 km ENE of Pedro Bay, Alaska","65 km ENE of Pedro Bay, Alaska",0,-0.87,ml,2026-03-03 21:59:24.04,2026-03-04 09:23:21.01,US,Low
ci41408464,-116.822333333333,33.3391666666667,4.59,"M 1.7 - 4 km ESE of Palomar Observatory, CA","4 km ESE of Palomar Observatory, CA",44,1.69,ml,2026-03-03 21:52:50.94,2026-03-04 16:37:10.43,US,Low
aka2026ejqucx,-153.585,59.202,89.4,"M 1.9 - 65 km SE of Pope-Vannoy Landing, Alaska","65 km SE of Pope-Vannoy Landing, Alaska",56,1.9,ml,2026-03-03 21:51:48.897,2026-03-04 04:32:05.363,US,Low
aka2026ejqrcy,-153.583,59.51,122.6,"M 2.0 - 42 km SE of Pedro Bay, Alaska","42 km SE of Pedro Bay, Alaska",62,2.0,ml,2026-03-03 21:48:21.676,2026-03-04 04:34:37.376,US,Low
us7000s1vv,176.1064,51.8218,35.0,"M 4.1 - 229 km ESE of Attu Station, Alaska","229 km ESE of Attu Station, Alaska",259,4.1,mb,2026-03-03 21:46:54.777,2026-03-05 00:54:31.04,RU,Moderate
aka2026ejqiwc,-150.902,63.116,131.5,"M 1.8 - 62 km SE of Denali National Park, Alaska","62 km SE of Denali National Park, Alaska",50,1.8,ml,2026-03-03 21:38:45.213,2026-03-04 04:36:25.385,US,Low
aka2026ejqfen,-152.674,60.521,10.6,"M 1.6 - 75 km W of Salamatof, Alaska","75 km W of Salamatof, Alaska",39,1.6,ml,2026-03-03 21:34:29.018,2026-03-04 09:17:51.59,US,Low
us7000s1tv,-72.2316,-32.1225,10.0,"M 4.6 - 101 km WNW of La Ligua, Chile","101 km WNW of La Ligua, Chile",326,4.6,mb,2026-03-03 21:30:26.064,2026-03-05 00:42:26.04,CL,Moderate
ci41408440,-116.055833333333,33.2365,10.03,"M 0.7 - 12 km SW of Salton City, CA","12 km SW of Salton City, CA",7,0.69,ml,2026-03-03 21:21:40.3,2026-03-04 18:16:59.382,US,Low
ok2026ejbt,-97.42916667,34.4,6.22,"M 1.4 - 9 km SE of Ratliff City, Oklahoma","9 km SE of Ratliff City, Oklahoma",29,1.38,ml,2026-03-03 21:14:36.299,2026-03-04 17:31:03.847,US,Low
nc75322077,-122.776496887207,38.821834564209,4.09999990463257,"M 0.6 - 5 km W of Cobb, CA","5 km W of Cobb, CA",5,0.58,md,2026-03-03 21:12:37.77,2026-03-03 21:14:16.025,US,Low
aka2026ejozhm,-141.337,59.842,19.8,"M 1.9 - 96 km WNW of Yakutat, Alaska","96 km WNW of Yakutat, Alaska",56,1.9,ml,2026-03-03 20:57:26.534,2026-03-04 05:03:26.182,US,Low
uw62229836,-122.47933333333333,45.9005,-0.78,"M 1.4 Explosion - 2 km WSW of Amboy, Washington","2 km WSW of Amboy, Washington",28,1.36,ml,2026-03-03 20:52:56.19,2026-03-04 19:04:28.16,US,Low
us7000s1th,131.0886,-3.2307,10.0,"M 4.6 - 138 km WSW of Fakfak, Indonesia","138 km WSW of Fakfak, Indonesia",326,4.6,mb,2026-03-03 20:43:43.155,2026-03-03 21:44:50.04,ID,Moderate
uw62229831,-123.19266666666667,43.846333333333334,-0.33,"M 1.5 Explosion - 12 km WNW of Cottage Grove, Oregon","12 km WNW of Cottage Grove, Oregon",34,1.49,ml,2026-03-03 20:39:35.43,2026-03-04 18:53:49.02,US,Low
nc75322042,-120.785003662109,35.5488319396973,6.19999980926514,"M 2.0 - 7 km W of Templeton, CA","7 km W of Templeton, CA",63,2.02,md,2026-03-03 20:36:32.18,2026-03-03 22:27:20.206,US,Low
av94070058,-152.216,61.0476666666667,15.55,"M -0.2 - 58 km W of Tyonek, Alaska","58 km W of Tyonek, Alaska",0,-0.2,ml,2026-03-03 20:27:03.4,2026-03-04 09:10:49.16,US,Low
tx2026ejnwgs,-101.71,32.4,7.2998,"M 1.3 - 14 km S of Ackerly, Texas","14 km S of Ackerly, Texas",26,1.3,ml,2026-03-03 20:23:55.398,2026-03-03 21:18:26.556,US,Low
aka2026ejnwip,-169.72,52.393,10.4,"M 2.7 - 84 km SW of Nikolski, Alaska","84 km SW of Nikolski, Alaska",112,2.7,ml,2026-03-03 20:23:47.545,2026-03-04 05:02:19.509,US,Moderate
nn00911776,-116.2706,36.6501,7.195,"M 2.0 - 52 km ESE of Beatty, Nevada","52 km ESE of Beatty, Nevada",60,1.97,ml,2026-03-03 20:09:39.587,2026-03-03 21:22:45.533,US,Low
av94070013,-153.080666666667,60.0518333333333,0.49,"M -1.0 - 64 km ENE of Pedro Bay, Alaska","64 km ENE of Pedro Bay, Alaska",0,-0.96,ml,2026-03-03 20:03:33.36,2026-03-04 09:05:18.74,US,Low
nn00911774,-115.2356,35.8463,15.9629,"M 1.5 - 18 km E of Goodsprings, Nevada","18 km E of Goodsprings, Nevada",35,1.5,ml,2026-03-03 19:58:38.434,2026-03-03 20:01:20.956,US,Low
av94070008,-166.634,53.8988333333333,8.02,"M 0.4 - 6 km W of Dutch Harbor, Alaska","6 km W of Dutch Harbor, Alaska",3,0.44,ml,2026-03-03 19:54:33.51,2026-03-04 09:03:18.5,US,Low
nn00911767,-116.2707,36.6577,7.08,"M 2.5 - 51 km ESE of Beatty, Nevada","51 km ESE of Beatty, Nevada",95,2.49,ml,2026-03-03 19:30:48.554,2026-03-03 20:28:55.578,US,Low
av94069993,-155.122166666667,58.2278333333333,-2.2,"M -0.2 - 83 km NNW of Karluk, Alaska","83 km NNW of Karluk, Alaska",0,-0.15,ml,2026-03-03 19:29:24.28,2026-03-04 09:00:18.2,US,Low
hv74912466,-155.352666666667,19.0235,32.79,"M 2.4 - 23 km SSE of Pāhala, Hawaii","23 km SSE of Pāhala, Hawaii",87,2.38,ml,2026-03-03 19:16:23.81,2026-03-03 20:41:03.61,US,Low
ok2026eixs,-97.24033333,34.5175,0.0,"M 1.4 Quarry Blast - 11 km W of Davis, Oklahoma","11 km W of Davis, Oklahoma",30,1.39,ml,2026-03-03 19:12:26.48,2026-03-04 17:36:22.498,US,Low
tx2026ejlltj,-104.117,31.598,6.3049,"M 1.7 - 43 km NW of Toyah, Texas","43 km NW of Toyah, Texas",44,1.7,ml,2026-03-03 19:11:31.307,2026-03-03 19:46:53.936,US,Low
ci41408328,-114.985166666667,33.0446666666667,3.56,"M 1.7 - 45 km NNW of Los Algodones, B.C., MX","45 km NNW of Los Algodones, B.C., MX",42,1.65,ml,2026-03-03 19:10:52.03,2026-03-03 19:16:43.78,MX,Low
nn00911754,-116.2691,36.6487,7.5855,"M 1.8 - 52 km ESE of Beatty, Nevada","52 km ESE of Beatty, Nevada",47,1.75,ml,2026-03-03 19:09:55.97,2026-03-03 22:13:41.686,US,Low
tx2026ejlenl,-101.728,32.39,5.8105,"M 1.1 - 15 km S of Ackerly, Texas","15 km S of Ackerly, Texas",19,1.1,ml,2026-03-03 19:06:31.512,2026-03-03 20:10:32.167,US,Low
us7000s1sn,176.6777,52.4494,10.0,"M 4.4 - 240 km ESE of Attu Station, Alaska","240 km ESE of Attu Station, Alaska",298,4.4,mb,2026-03-03 19:02:52.028,2026-03-03 21:02:51.25,RU,Moderate
aka2026ejldvo,-147.467,60.947,57.4,"M 1.4 - 43 km WNW of Tatitlek, Alaska","43 km WNW of Tatitlek, Alaska",30,1.4,ml,2026-03-03 19:02:05.87,2026-03-03 19:38:39.876,US,Low
nn00911750,-116.5177,38.452,9.1203,"M 2.0 - 75 km NE of Tonopah, Nevada","75 km NE of Tonopah, Nevada",63,2.02,ml,2026-03-03 19:01:41.527,2026-03-03 21:41:43.573,US,Low
tx2026ejlcyp,-104.025,31.581,7.7405,"M 1.5 - 36 km NW of Toyah, Texas","36 km NW of Toyah, Texas",35,1.5,ml,2026-03-03 19:01:08.396,2026-03-03 20:05:01.12,US,Low
aka2026ejkwcx,-139.891,60.576,12.9,"M 1.8 - 115 km N of Yakutat, Alaska","115 km N of Yakutat, Alaska",50,1.8,ml,2026-03-03 18:53:03.733,2026-03-04 11:28:26.619,CA,Low
aka2026ejktms,-140.986,60.165,22.5,"M 1.6 - 98 km NW of Yakutat, Alaska","98 km NW of Yakutat, Alaska",39,1.6,ml,2026-03-03 18:50:03.909,2026-03-04 11:27:07.615,CA,Low
av94069923,-153.033666666667,60.0241666666667,0.16,"M -0.6 - 65 km ENE of Pedro Bay, Alaska","65 km ENE of Pedro Bay, Alaska",0,-0.62,ml,2026-03-03 18:37:00.01,2026-03-04 07:56:44.13,US,Low
uw62229791,-122.98,46.24483333333333,-0.53,"M 1.3 Explosion - 6 km WSW of Castle Rock, Washington","6 km WSW of Castle Rock, Washington",28,1.34,ml,2026-03-03 18:35:05.72,2026-03-03 19:22:07.01,US,Low
aka2026ejkdle,-139.275,60.346,10.7,"M 1.9 - 92 km NNE of Yakutat, Alaska","92 km NNE of Yakutat, Alaska",56,1.9,ml,2026-03-03 18:31:26.328,2026-03-04 11:25:52.896,CA,Low
uw62229786,-122.19066666666667,46.19883333333333,4.36,"M 0.3 - 37 km NNE of Amboy, Washington","37 km NNE of Amboy, Washington",2,0.34,ml,2026-03-03 18:28:15.48,2026-03-04 05:43:29.98,US,Low
ci41408264,-117.781833333333,35.3676666666667,5.97,"M 1.1 - 13 km W of Johannesburg, CA","13 km W of Johannesburg, CA",19,1.11,ml,2026-03-03 18:26:22.25,2026-03-03 19:59:48.504,US,Low
pr71508938,-67.6506666666667,18.924,11.66,"M 3.1 - 75 km NW of San Antonio, Puerto Rico","75 km NW of San Antonio, Puerto Rico",150,3.12,md,2026-03-03 18:24:09.83,2026-03-03 19:48:33.04,PR,Moderate
av94069908,-168.104666666667,53.425,4.3,"M 0.3 - 74 km NE of Nikolski, Alaska","74 km NE of Nikolski, Alaska",1,0.31,ml,2026-03-03 18:21:29.9,2026-03-04 07:20:42.21,US,Low
av94069898,-166.6175,53.8985,8.2,"M 0.7 - 5 km W of Dutch Harbor, Alaska","5 km W of Dutch Harbor, Alaska",8,0.72,ml,2026-03-03 18:19:01.83,2026-03-04 07:09:11.55,US,Low
nn00911725,-116.2708,36.6596,7.3918,"M 2.0 - 51 km ESE of Beatty, Nevada","51 km ESE of Beatty, Nevada",63,2.03,ml,2026-03-03 18:16:00.686,2026-03-03 19:03:05.577,US,Low
ci41408256,-117.679166666667,35.0425,-0.82,"M 1.3 Quarry Blast - 5 km NNW of Boron, CA","5 km NNW of Boron, CA",25,1.28,ml,2026-03-03 18:14:27.68,2026-03-03 18:52:24.69,US,Low
nn00911722,-116.2667,36.6531,5.8027,"M 1.6 - 52 km ESE of Beatty, Nevada","52 km ESE of Beatty, Nevada",37,1.55,ml,2026-03-03 18:14:00.847,2026-03-03 18:16:17.491,US,Low
ok2026eivt,-98.4145,35.82483333,10.79,"M 1.6 - 2 km S of Watonga, Oklahoma","2 km S of Watonga, Oklahoma",40,1.62,ml,2026-03-03 18:12:52.82,2026-03-04 17:43:35.929,US,Low
ci41408240,-118.517,35.7708333333333,6.47,"M 2.1 - 8 km WNW of Kernville, CA","8 km WNW of Kernville, CA",66,2.07,ml,2026-03-03 18:07:54.65,2026-03-03 18:49:32.09,US,Low
ci41408232,-116.533833333333,33.1515,5.44,"M 0.7 - 10 km NE of Julian, CA","10 km NE of Julian, CA",7,0.68,ml,2026-03-03 18:03:59.41,2026-03-03 20:20:11.666,US,Low
tx2026ejjbbu,-103.959,31.544,6.9843,"M 1.5 - 29 km NNW of Toyah, Texas","29 km NNW of Toyah, Texas",35,1.5,ml,2026-03-03 17:58:38.996,2026-03-03 18:50:10.741,US,Low
nn00911707,-116.2044,35.829,9.5552,"M 1.5 - 2 km SE of Tecopa, California","2 km SE of Tecopa, California",36,1.52,ml,2026-03-03 17:49:45.024,2026-03-03 17:51:44.219,US,Low
tx2026ejilgr,-98.225,28.486,6.6122,"M 1.5 - 5 km NW of Three Rivers, Texas","5 km NW of Three Rivers, Texas",35,1.5,ml,2026-03-03 17:40:08.143,2026-03-03 20:25:58.314,US,Low
aka2026ejilfc,-151.802,60.278,79.6,"M 1.6 - 23 km WNW of Clam Gulch, Alaska","23 km WNW of Clam Gulch, Alaska",39,1.6,ml,2026-03-03 17:40:05.405,2026-03-04 11:24:10.889,US,Low
uw62229776,-122.18933333333334,46.201,2.17,"M 2.0 - 37 km NNE of Amboy, Washington","37 km NNE of Amboy, Washington",62,2.0,ml,2026-03-03 17:37:51.76,2026-03-03 17:46:15.65,US,Low
aka2026ejiibf,-139.996,60.556,12.0,"M 2.1 - 113 km N of Yakutat, Alaska","113 km N of Yakutat, Alaska",68,2.1,ml,2026-03-03 17:36:25.839,2026-03-04 11:22:13.881,CA,Low
ci41408184,-117.712,35.8705,10.46,"M 1.4 - 19 km ESE of Little Lake, CA","19 km ESE of Little Lake, CA",30,1.39,ml,2026-03-03 17:36:24.6,2026-03-03 20:06:06.69,US,Low
nn00911696,-116.2717,36.6542,7.4785,"M 2.3 - 51 km ESE of Beatty, Nevada","51 km ESE of Beatty, Nevada",84,2.33,ml,2026-03-03 17:35:38.267,2026-03-03 18:08:56.404,US,Low
tx2026ejigko,-104.006,31.531,6.7279,"M 1.8 - 31 km NW of Toyah, Texas","31 km NW of Toyah, Texas",50,1.8,ml,2026-03-03 17:34:32.852,2026-03-03 18:01:54.983,US,Low
nn00911692,-116.2683,36.6394,7.376,"M 1.6 - 53 km SE of Beatty, Nevada","53 km SE of Beatty, Nevada",38,1.57,ml,2026-03-03 17:30:28.263,2026-03-03 17:32:24.409,US,Low
tx2026ejhxov,-104.007,31.524,7.7405,"M 1.6 - 30 km NW of Toyah, Texas","30 km NW of Toyah, Texas",39,1.6,ml,2026-03-03 17:24:14.883,2026-03-03 18:38:22.636,US,Low
nn00911685,-116.2704,36.6503,7.0,"M 3.8 - 52 km ESE of Beatty, Nevada","52 km ESE of Beatty, Nevada",222,3.76,mw,2026-03-03 17:23:03.992,2026-03-05 02:28:24.931,US,Moderate
tx2026ejhtxa,-104.007,31.535,6.5356,"M 1.6 - 31 km NW of Toyah, Texas","31 km NW of Toyah, Texas",39,1.6,ml,2026-03-03 17:20:00.459,2026-03-03 17:29:16.187,US,Low
ci41408160,-116.538166666667,33.1463333333333,6.98,"M 1.1 - 10 km NE of Julian, CA","10 km NE of Julian, CA",20,1.13,ml,2026-03-03 17:16:55.76,2026-03-03 17:44:45.478,US,Low
aka2026ejhqfm,-141.432,61.664,9.2,"M 1.7 - 83 km ENE of McCarthy, Alaska","83 km ENE of McCarthy, Alaska",44,1.7,ml,2026-03-03 17:15:42.743,2026-03-04 11:20:25.873,US,Low
nc75321957,-122.844329833984,38.8224983215332,2.07999992370605,"M 0.4 - 9 km WNW of The Geysers, CA","9 km WNW of The Geysers, CA",2,0.37,md,2026-03-03 17:05:54.43,2026-03-03 17:37:23.251,US,Low
aka2026ejhcef,-150.003,61.475,28.6,"M 1.9 - 5 km SSW of Big Lake, Alaska","5 km SSW of Big Lake, Alaska",56,1.9,ml,2026-03-03 16:59:27.041,2026-03-04 11:18:15.866,US,Low
ci41408152,-116.140166666667,32.8146666666667,9.01,"M 0.1 - 16 km WNW of Ocotillo, CA","16 km WNW of Ocotillo, CA",0,0.11,ml,2026-03-03 16:57:39.55,2026-03-03 17:29:09.257,MX,Low
ci41408144,-116.393333333333,33.0473333333333,12.1,"M 0.7 - 20 km E of Julian, CA","20 km E of Julian, CA",7,0.66,ml,2026-03-03 16:55:58.47,2026-03-04 23:38:11.963,US,Low
ci41408120,-116.442333333333,34.1793333333333,7.24,"M 1.0 - 7 km N of Yucca Valley, CA","7 km N of Yucca Valley, CA",14,0.97,ml,2026-03-03 16:20:45.43,2026-03-03 19:43:23.901,US,Low
hv74912431,-155.503166666667,19.1966666666667,36.84,"M 2.1 - 2 km WSW of Pāhala, Hawaii","2 km WSW of Pāhala, Hawaii",67,2.09,md,2026-03-03 16:11:36.69,2026-03-03 20:50:04.17,US,Low
hv74912426,-155.493,19.204,35.74,"M 1.5 - 1 km W of Pāhala, Hawaii","1 km W of Pāhala, Hawaii",36,1.52,md,2026-03-03 16:11:29.3,2026-03-03 20:56:04.76,US,Low
pr71508928,-66.9341666666667,17.9066666666667,11.0,"M 1.8 - 7 km SSW of Guánica, Puerto Rico","7 km SSW of Guánica, Puerto Rico",52,1.83,md,2026-03-03 16:11:15.49,2026-03-03 16:21:49.98,PR,Low
aka2026ejffrk,-139.833,60.567,17.8,"M 1.8 - 113 km N of Yakutat, Alaska","113 km N of Yakutat, Alaska",50,1.8,ml,2026-03-03 16:03:10.961,2026-03-04 11:40:29.528,CA,Low
tx2026ejffjs,-103.828,31.418,7.0227,"M 1.7 - 11 km NNW of Toyah, Texas","11 km NNW of Toyah, Texas",44,1.7,ml,2026-03-03 16:02:49.434,2026-03-03 16:13:24.193,US,Low
aka2026ejfdlf,-150.008,61.477,29.7,"M 2.3 - 5 km SSW of Big Lake, Alaska","5 km SSW of Big Lake, Alaska",81,2.3,ml,2026-03-03 16:00:37.313,2026-03-04 11:38:20.678,US,Low
tx2026ejexfy,-104.007,31.532,6.933,"M 2.1 - 31 km NW of Toyah, Texas","31 km NW of Toyah, Texas",68,2.1,ml,2026-03-03 15:53:28.125,2026-03-03 16:16:02.785,US,Low
aka2026ejemwd,-150.17,61.84,22.2,"M 1.8 - 12 km NW of Willow, Alaska","12 km NW of Willow, Alaska",50,1.8,ml,2026-03-03 15:41:20.407,2026-03-04 11:34:30.657,US,Low
us7000s1yp,-164.3375,56.1434,7.836,"M 3.0 - 147 km NW of Cold Bay, Alaska","147 km NW of Cold Bay, Alaska",138,3.0,ml,2026-03-03 15:38:10.909,2026-03-04 18:14:53.04,US,Moderate
us7000s1q1,120.508,23.1513,10.0,"M 4.5 - 5 km ENE of Yujing, Taiwan","5 km ENE of Yujing, Taiwan",312,4.5,mb,2026-03-03 15:34:30.063,2026-03-03 17:56:24.04,TW,Moderate
nc75321932,-122.220169067383,37.9046669006348,0.270000010728836,"M 0.8 - 5 km NW of Orinda, CA","5 km NW of Orinda, CA",10,0.79,md,2026-03-03 15:34:18.02,2026-03-03 16:17:22.7,US,Low
aka2026ejegri,-152.24,61.335,13.1,"M 0.5 - 65 km WNW of Beluga, Alaska","65 km WNW of Beluga, Alaska",4,0.5,ml,2026-03-03 15:34:08.549,2026-03-03 19:38:20.42,US,Low
nc75321927,-122.811500549316,38.8233337402344,2.0699999332428,"M 1.1 - 7 km NW of The Geysers, CA","7 km NW of The Geysers, CA",17,1.05,md,2026-03-03 15:31:23.18,2026-03-03 17:07:21.055,US,Low
nc75321922,-118.96199798584,37.623664855957,6.86999988555908,"M 1.1 - 2 km SE of Mammoth Lakes, CA","2 km SE of Mammoth Lakes, CA",18,1.09,md,2026-03-03 15:23:28.11,2026-03-03 16:37:22.839,US,Low
uu80131041,-112.043,40.734,7.56,"M 0.5 - 5 km ENE of Magna, Utah","5 km ENE of Magna, Utah",3,0.46,md,2026-03-03 15:13:53.45,2026-03-03 17:00:53.1,US,Low
tx2026ejdcqj,-98.985,28.849,9.5894,"M 2.0 - 11 km ESE of Pearsall, Texas","11 km ESE of Pearsall, Texas",62,2.0,ml,2026-03-03 14:59:15.466,2026-03-03 17:02:03.119,US,Low
uw62229756,-122.22033333333333,46.220166666666664,-1.12,"M -0.5 - 37 km S of Morton, Washington","37 km S of Morton, Washington",0,-0.45,mh,2026-03-03 14:58:32.84,2026-03-04 00:54:41.97,US,Low
us7000s1py,144.3376,23.0283,10.0,"M 4.9 - Volcano Islands, Japan region","Volcano Islands, Japan region",369,4.9,mb,2026-03-03 14:55:55.947,2026-03-04 17:55:52.04,MP,Moderate
ci41408064,-115.435333333333,32.6971666666667,16.52,"M 1.4 - 6 km NNE of Mexicali, B.C., MX","6 km NNE of Mexicali, B.C., MX",29,1.38,ml,2026-03-03 14:54:16.73,2026-03-03 18:44:18.829,US,Low
ci41408056,-116.237666666667,33.3115,9.48,"M 0.6 - 14 km ENE of Borrego Springs, CA","14 km ENE of Borrego Springs, CA",5,0.56,ml,2026-03-03 14:53:14.08,2026-03-03 18:53:42.383,US,Low
tx2026ejcthm,-103.262,31.074,4.2236,"M 1.7 - 26 km SW of Coyanosa, Texas","26 km SW of Coyanosa, Texas",44,1.7,ml,2026-03-03 14:48:28.109,2026-03-03 15:23:15.882,US,Low
pr71508923,-67.106,17.9226666666667,7.21,"M 2.1 - 8 km SW of La Parguera, Puerto Rico","8 km SW of La Parguera, Puerto Rico",67,2.08,md,2026-03-03 14:47:22.32,2026-03-03 14:59:00.44,PR,Low
ci41408048,-116.6975,33.9171666666667,16.87,"M 0.8 - 8 km E of Cabazon, CA","8 km E of Cabazon, CA",9,0.75,ml,2026-03-03 14:47:01.64,2026-03-03 19:46:57.566,US,Low
ci10228118,-116.6985,33.9166666666667,15.83,"M 0.7 - 8 km E of Cabazon, CA","8 km E of Cabazon, CA",7,0.69,ml,2026-03-03 14:47:00.41,2026-03-03 19:54:15.469,US,Low
pr71508913,-66.9495,17.9738333333333,6.48,"M 2.1 - 3 km WSW of Fuig, Puerto Rico","3 km WSW of Fuig, Puerto Rico",69,2.12,md,2026-03-03 14:43:27.36,2026-03-03 14:54:14.33,PR,Low
pr71508908,-66.9455,17.9801666666667,9.84,"M 2.2 - 3 km WSW of Fuig, Puerto Rico","3 km WSW of Fuig, Puerto Rico",72,2.17,md,2026-03-03 14:39:48.54,2026-03-03 14:48:47.25,PR,Low
us7000s1pp,145.6534,18.87,203.399,"M 5.0 - Pagan region, Northern Mariana Islands","Pagan region, Northern Mariana Islands",385,5.0,mww,2026-03-03 14:38:23.697,2026-03-05 14:48:27.713,MP,Moderate
ci41408040,-116.724833333333,33.6975,17.6,"M 1.6 - 5 km S of Idyllwild, CA","5 km S of Idyllwild, CA",41,1.63,ml,2026-03-03 14:35:57.78,2026-03-03 14:45:59.904,US,Low
tx2026ejbtzc,-101.849,31.834,6.3232,"M 0.7 - 28 km SE of Midland, Texas","28 km SE of Midland, Texas",8,0.7,ml,2026-03-03 14:19:04.328,2026-03-05 20:10:59.464,US,Low
av94069568,-153.121166666667,60.0098333333333,-2.2,"M -1.2 - 60 km ENE of Pedro Bay, Alaska","60 km ENE of Pedro Bay, Alaska",0,-1.23,ml,2026-03-03 14:04:50.94,2026-03-03 22:57:48.39,US,Low
ci41408024,-116.737166666667,33.2978333333333,12.69,"M 0.3 - 7 km NNE of Lake Henshaw, CA","7 km NNE of Lake Henshaw, CA",1,0.25,ml,2026-03-03 14:00:04.54,2026-03-03 18:48:53.162,US,Low
aka2026ejazbc,-151.397,60.923,80.0,"M 1.5 - 21 km SW of Tyonek, Alaska","21 km SW of Tyonek, Alaska",35,1.5,ml,2026-03-03 13:54:46.421,2026-03-04 11:14:30.847,US,Low
nn00911683,-116.0402,37.7619,0.0251,"M 1.5 - 29 km WNW of Rachel, Nevada","29 km WNW of Rachel, Nevada",36,1.54,ml,2026-03-03 13:53:18.076,2026-03-03 13:57:34.377,US,Low
aka2026ejardx,-141.724,59.898,20.4,"M 1.7 - 118 km WNW of Yakutat, Alaska","118 km WNW of Yakutat, Alaska",44,1.7,ml,2026-03-03 13:45:46.311,2026-03-04 11:13:04.841,US,Low
aka2026ejanaj,-154.431,57.401,23.1,"M 2.2 - 18 km S of Karluk, Alaska","18 km S of Karluk, Alaska",74,2.2,ml,2026-03-03 13:40:49.458,2026-03-04 11:10:58.828,US,Low
nc75321902,-118.783332824707,38.0456657409668,11.039999961853,"M 2.3 - 27 km SE of Bodie, CA","27 km SE of Bodie, CA",79,2.27,md,2026-03-03 13:39:51.45,2026-03-03 17:14:43.748,US,Low
tx2026ejagbs,-101.085,32.137,8.4473,"M 1.5 - 25 km SSW of Westbrook, Texas","25 km SSW of Westbrook, Texas",35,1.5,ml,2026-03-03 13:32:46.317,2026-03-03 14:54:17.088,US,Low
ok2026eimm,-96.7405,35.55016667,5.47,"M 1.4 - 8 km NW of Prague, Oklahoma","8 km NW of Prague, Oklahoma",28,1.35,ml,2026-03-03 13:32:14.939,2026-03-04 19:40:16.933,US,Low
aka2026eizscm,-151.036,60.857,36.9,"M 1.6 - 20 km WSW of Point Possession, Alaska","20 km WSW of Point Possession, Alaska",39,1.6,ml,2026-03-03 13:16:33.477,2026-03-04 11:09:16.823,US,Low
hv74912391,-155.487666666667,19.3941666666667,6.66,"M 1.4 - 21 km N of Pāhala, Hawaii","21 km N of Pāhala, Hawaii",30,1.39,ml,2026-03-03 13:12:08.4,2026-03-04 20:05:18.96,US,Low
hv74912396,-155.491333333333,19.3945,6.22,"M 1.8 - 21 km N of Pāhala, Hawaii","21 km N of Pāhala, Hawaii",51,1.82,ml,2026-03-03 13:10:44.94,2026-03-04 19:09:43.58,US,Low
av94069488,-152.756,60.4938333333333,5.97,"M -0.9 - 77 km NW of Ninilchik, Alaska","77 km NW of Ninilchik, Alaska",0,-0.87,ml,2026-03-03 13:09:04.74,2026-03-03 22:43:46.69,US,Low
nc75321887,-121.039169311523,36.0218315124512,6.65000009536743,"M 1.1 - 12 km W of San Ardo, CA","12 km W of San Ardo, CA",19,1.1,md,2026-03-03 13:07:45.6,2026-03-03 13:47:23.706,US,Low
us7000s1pf,39.47,43.5378,13.368,"M 4.5 - 21 km SW of Dagomys, Russia","21 km SW of Dagomys, Russia",312,4.5,mwr,2026-03-03 13:05:38.239,2026-03-03 16:06:41.04,RU,Moderate
tx2026eizhal,-102.166,32.405,5.9814,"M 0.7 - 36 km ENE of McKinney Acres, Texas","36 km ENE of McKinney Acres, Texas",8,0.7,ml,2026-03-03 13:03:42.298,2026-03-03 13:58:54.517,US,Low
aka2026eiyvor,-152.747,59.601,96.1,"M 2.2 - 54 km WNW of Nanwalek, Alaska","54 km WNW of Nanwalek, Alaska",74,2.2,ml,2026-03-03 12:50:25.054,2026-03-04 11:07:10.389,US,Low
us7000s1pa,-139.5483,60.5032,5.0,"M 2.9 - 107 km N of Yakutat, Alaska","107 km N of Yakutat, Alaska",129,2.9,ml,2026-03-03 12:36:18.825,2026-03-05 08:20:22.04,CA,Moderate
tx2026eixvly,-101.084,32.14,8.2275,"M 2.9 - 24 km SSW of Westbrook, Texas","24 km SSW of Westbrook, Texas",130,2.9,ml,2026-03-03 12:20:07.033,2026-03-05 02:44:00.647,US,Moderate
us7000s1p8,39.4636,43.4662,10.0,"M 4.5 - 25 km SW of Sochi, Russia","25 km SW of Sochi, Russia",312,4.5,mb,2026-03-03 12:09:46.509,2026-03-03 22:31:33.492,RU,Moderate
aka2026eixiji,-149.892,63.215,103.6,"M 1.6 - 51 km WSW of Cantwell, Alaska","51 km WSW of Cantwell, Alaska",39,1.6,ml,2026-03-03 12:04:54.511,2026-03-04 04:49:19.449,US,Low
nc75321877,-122.75,38.7978324890137,2.45000004768372,"M 0.7 - 2 km NNE of The Geysers, CA","2 km NNE of The Geysers, CA",8,0.73,md,2026-03-03 12:01:47.53,2026-03-03 12:17:22.111,US,Low
ci41408008,-116.2245,32.996,10.39,"M 0.8 - 19 km SSW of Ocotillo Wells, CA","19 km SSW of Ocotillo Wells, CA",10,0.81,ml,2026-03-03 11:59:51.84,2026-03-04 19:03:09.656,US,Low
ci41408000,-116.168333333333,33.8876666666667,5.84,"M 0.9 - 19 km NNE of Indio, CA","19 km NNE of Indio, CA",12,0.9,ml,2026-03-03 11:57:22.96,2026-03-03 12:00:53.501,US,Low
ci41407984,-115.417666666667,32.7421666666667,14.41,"M 1.8 - 8 km SSW of Holtville, CA","8 km SSW of Holtville, CA",52,1.84,ml,2026-03-03 11:55:43.95,2026-03-03 15:57:53.163,US,Low
ci10228022,-115.420833333333,32.7518333333333,13.58,"M 1.2 - 8 km SSW of Holtville, CA","8 km SSW of Holtville, CA",21,1.16,ml,2026-03-03 11:55:36.45,2026-03-03 16:07:31.134,US,Low
ci41407992,-115.408333333333,32.754,15.49,"M 1.2 - 7 km SSW of Holtville, CA","7 km SSW of Holtville, CA",21,1.18,ml,2026-03-03 11:55:10.96,2026-03-03 16:39:39.742,US,Low
us7000s1p5,166.5685,-48.9985,10.0,"M 5.3 - 297 km SSW of Bluff, New Zealand","297 km SSW of Bluff, New Zealand",432,5.3,mww,2026-03-03 11:55:07.947,2026-03-03 12:10:30.04,NZ,Moderate
ci10228038,-115.3545,32.7823333333333,17.44,"M 1.5 - 4 km SE of Holtville, CA","4 km SE of Holtville, CA",36,1.52,ml,2026-03-03 11:54:41.53,2026-03-03 16:53:05.43,US,Low
ci41407976,-115.421833333333,32.7473333333333,14.69,"M 1.6 - 8 km SSW of Holtville, CA","8 km SSW of Holtville, CA",38,1.58,ml,2026-03-03 11:54:35.78,2026-03-03 16:46:00.65,US,Low
pr71508898,-66.9366666666667,17.966,12.4,"M 2.5 - 3 km WSW of Guánica, Puerto Rico","3 km WSW of Guánica, Puerto Rico",95,2.49,md,2026-03-03 11:54:14.33,2026-03-03 12:31:58.54,PR,Low
us7000s1p4,120.4208,23.218,10.0,"M 4.8 - 11 km NNW of Yujing, Taiwan","11 km NNW of Yujing, Taiwan",355,4.8,mb,2026-03-03 11:52:49.019,2026-03-05 02:21:38.356,TW,Moderate
ci41407968,-116.4145,33.0641666666667,4.53,"M 0.8 - 18 km E of Julian, CA","18 km E of Julian, CA",11,0.83,ml,2026-03-03 11:28:55.93,2026-03-03 14:19:11.06,US,Low
nc75321867,-122.797164916992,38.8079986572266,3.42000007629395,"M 0.2 - 5 km NW of The Geysers, CA","5 km NW of The Geysers, CA",1,0.22,md,2026-03-03 11:23:12.04,2026-03-03 13:07:19.441,US,Low
nc75321872,-122.796997070312,38.8059997558594,3.20000004768372,"M 2.1 - 5 km NW of The Geysers, CA","5 km NW of The Geysers, CA",67,2.09,md,2026-03-03 11:22:26.64,2026-03-03 13:22:20.542,US,Low
aka2026eivxmh,-149.762,61.675,57.4,"M 1.8 - 5 km NNE of Houston, Alaska","5 km NNE of Houston, Alaska",50,1.8,ml,2026-03-03 11:22:07.204,2026-03-04 04:51:55.661,US,Low
aka2026eivucf,-169.799,52.379,11.0,"M 2.9 - 88 km SW of Nikolski, Alaska","88 km SW of Nikolski, Alaska",129,2.9,ml,2026-03-03 11:18:12.636,2026-03-04 04:53:22.67,US,Moderate
aka2026eivqjj,-139.477,60.409,6.6,"M 2.0 - 97 km N of Yakutat, Alaska","97 km N of Yakutat, Alaska",62,2.0,ml,2026-03-03 11:13:53.005,2026-03-04 04:55:30.683,CA,Low
pr71508893,-66.9378333333333,17.9596666666667,9.28,"M 2.3 - 3 km WSW of Guánica, Puerto Rico","3 km WSW of Guánica, Puerto Rico",83,2.32,md,2026-03-03 11:12:46.68,2026-03-03 11:49:56.87,PR,Low
uw62229741,-122.998,47.5915,14.85,"M 0.8 - 12 km SW of Brinnon, Washington","12 km SW of Brinnon, Washington",9,0.76,ml,2026-03-03 11:03:21.49,2026-03-04 05:28:21.06,US,Low
tx2026eivbbp,-102.207,32.134,6.0303,"M 0.7 - 19 km NW of Midland, Texas","19 km NW of Midland, Texas",8,0.7,ml,2026-03-03 10:56:06.691,2026-03-03 13:32:59.143,US,Low
tx2026eiuxwb,-102.214,32.132,5.9326,"M 2.6 - 19 km NW of Midland, Texas","19 km NW of Midland, Texas",104,2.6,ml,2026-03-03 10:52:23.191,2026-03-04 23:29:24.261,US,Moderate
aka2026eiuxnj,-169.763,52.414,11.7,"M 2.9 - 84 km SW of Nikolski, Alaska","84 km SW of Nikolski, Alaska",129,2.9,ml,2026-03-03 10:52:00.769,2026-03-04 04:56:59.689,US,Moderate
nn00911677,-116.4958,38.4331,10.3795,"M 1.8 - 76 km ENE of Tonopah, Nevada","76 km ENE of Tonopah, Nevada",52,1.84,ml,2026-03-03 10:49:35.012,2026-03-03 20:06:42.41,US,Low
aka2026eiuteh,-168.898,53.962,0.8,"M 3.1 - 113 km N of Nikolski, Alaska","113 km N of Nikolski, Alaska",148,3.1,ml,2026-03-03 10:46:25.928,2026-03-03 19:49:28.923,US,Moderate
tx2026eiusnv,-103.824,31.42,5.5359,"M 1.6 - 12 km NNW of Toyah, Texas","12 km NNW of Toyah, Texas",39,1.6,ml,2026-03-03 10:46:16.084,2026-03-03 13:31:10.135,US,Low
us7000s1nu,176.4919,52.2167,10.0,"M 5.2 - 235 km ESE of Attu Station, Alaska","235 km ESE of Attu Station, Alaska",416,5.2,mb,2026-03-03 10:44:23.505,2026-03-03 20:44:44.458,RU,Moderate
tx2026eiupws,-103.818,31.421,5.2795,"M 1.6 - 12 km NNW of Toyah, Texas","12 km NNW of Toyah, Texas",39,1.6,ml,2026-03-03 10:43:22.632,2026-03-03 13:39:53.954,US,Low
us7000s1nx,176.2544,52.0328,18.411,"M 4.1 - 227 km ESE of Attu Station, Alaska","227 km ESE of Attu Station, Alaska",259,4.1,mb,2026-03-03 10:41:38.302,2026-03-03 19:47:45.955,RU,Moderate
av94069313,-152.19,61.261,21.7,"M -0.4 - 60 km WNW of Tyonek, Alaska","60 km WNW of Tyonek, Alaska",0,-0.43,ml,2026-03-03 10:35:34.04,2026-03-03 19:38:04.99,US,Low
aka2026eiuiws,-141.429,59.938,22.7,"M 1.8 - 105 km WNW of Yakutat, Alaska","105 km WNW of Yakutat, Alaska",50,1.8,ml,2026-03-03 10:35:01.528,2026-03-04 04:47:15.437,US,Low
ci41407960,-116.463833333333,32.9781666666667,6.26,"M 1.1 - 17 km SE of Julian, CA","17 km SE of Julian, CA",18,1.07,ml,2026-03-03 10:26:48.48,2026-03-05 00:42:01.875,US,Low
tx2026eiuawp,-102.04,31.918,2.9541,"M 0.8 - 9 km SSE of Midland, Texas","9 km SSE of Midland, Texas",10,0.8,ml,2026-03-03 10:25:42.501,2026-03-03 13:20:05.951,US,Low
nc75321852,-118.958831787109,37.627498626709,4.38000011444092,"M 0.4 - 2 km ESE of Mammoth Lakes, CA","2 km ESE of Mammoth Lakes, CA",2,0.37,md,2026-03-03 10:19:22.02,2026-03-03 10:37:21.476,US,Low
tx2026eitrlc,-102.205,32.127,8.4717,"M 1.6 - 18 km NW of Midland, Texas","18 km NW of Midland, Texas",39,1.6,ml,2026-03-03 10:14:44.925,2026-03-03 10:53:47.612,US,Low
aka2026eitqjg,-161.922,54.675,65.6,"M 2.3 - 49 km SSE of King Cove, Alaska","49 km SSE of King Cove, Alaska",81,2.3,ml,2026-03-03 10:13:20.141,2026-03-03 10:18:31.679,US,Low
ci41407952,-116.358333333333,33.3545,12.37,"M 0.6 - 11 km N of Borrego Springs, CA","11 km N of Borrego Springs, CA",6,0.63,ml,2026-03-03 10:11:35.37,2026-03-03 22:08:29.36,US,Low
pr71508883,-66.9378333333333,17.9546666666667,9.76,"M 2.1 - 3 km WSW of Guánica, Puerto Rico","3 km WSW of Guánica, Puerto Rico",65,2.05,md,2026-03-03 10:11:16.5,2026-03-03 10:26:35.39,PR,Low
tx2026eitnkm,-102.203,32.138,6.6162,"M 1.1 - 19 km NW of Midland, Texas","19 km NW of Midland, Texas",19,1.1,ml,2026-03-03 10:10:10.698,2026-03-03 12:11:24.254,US,Low
tx2026eitkcf,-102.008,32.22,5.6396,"M 0.5 - 23 km WNW of Stanton, Texas","23 km WNW of Stanton, Texas",4,0.5,ml,2026-03-03 10:06:22.261,2026-03-03 13:43:54.971,US,Low
pr71508878,-66.945,17.9216666666667,6.59,"M 2.3 - 6 km SW of Guánica, Puerto Rico","6 km SW of Guánica, Puerto Rico",81,2.3,md,2026-03-03 09:54:43.52,2026-03-03 10:20:40.41,PR,Low
nc75321847,-122.831497192383,38.8253326416016,2.25999999046326,"M 0.3 - 8 km NW of The Geysers, CA","8 km NW of The Geysers, CA",1,0.26,md,2026-03-03 09:53:48.45,2026-03-03 10:17:20.354,US,Low
aka2026eisxxb,-152.656,59.794,88.5,"M 2.0 - 46 km W of Anchor Point, Alaska","46 km W of Anchor Point, Alaska",62,2.0,ml,2026-03-03 09:52:04.453,2026-03-03 10:13:36.784,US,Low
pr71508868,-66.9391666666667,17.9496666666667,9.13,"M 2.6 - 4 km SW of Guánica, Puerto Rico","4 km SW of Guánica, Puerto Rico",101,2.56,md,2026-03-03 09:50:12.7,2026-03-03 10:14:32.15,PR,Moderate
aka2026eistjk,-140.052,61.13,4.6,"M 1.8 - 157 km ESE of McCarthy, Alaska","157 km ESE of McCarthy, Alaska",50,1.8,ml,2026-03-03 09:46:48.953,2026-03-03 10:09:07.434,CA,Low
nn00911675,-116.4924,38.4352,10.389,"M 1.9 - 76 km ENE of Tonopah, Nevada","76 km ENE of Tonopah, Nevada",53,1.86,ml,2026-03-03 09:45:22.123,2026-03-03 19:25:16.657,US,Low
tx2026eisnbk,-102.008,32.215,7.0557,"M 1.2 - 22 km WNW of Stanton, Texas","22 km WNW of Stanton, Texas",22,1.2,ml,2026-03-03 09:39:32.825,2026-03-03 11:06:54.845,US,Low
ok2026eiet,-97.443,34.4165,6.08,"M 1.4 - 7 km ESE of Ratliff City, Oklahoma","7 km ESE of Ratliff City, Oklahoma",29,1.38,ml,2026-03-03 09:38:24.25,2026-03-04 19:45:58.346,US,Low
aka2026eisksc,-154.063,58.229,78.1,"M 3.1 - 70 km WNW of Aleneva, Alaska","70 km WNW of Aleneva, Alaska",148,3.1,ml,2026-03-03 09:36:45.951,2026-03-04 09:13:51.04,US,Moderate
aka2026eisiof,-139.98,61.145,3.4,"M 1.8 - 160 km ESE of McCarthy, Alaska","160 km ESE of McCarthy, Alaska",50,1.8,ml,2026-03-03 09:34:15.178,2026-03-03 09:49:20.994,CA,Low
uu80131031,-110.221833333333,44.2111666666667,6.32,"M 1.4 - 72 km NNE of Kelly, Wyoming","72 km NNE of Kelly, Wyoming",31,1.41,ml,2026-03-03 09:33:44.15,2026-03-03 14:17:35.02,US,Low
hv74912371,-156.270660400391,19.7811660766602,3.40000009536743,"M 1.8 - 30 km W of Kalaoa, Hawaii","30 km W of Kalaoa, Hawaii",52,1.83,md,2026-03-03 09:33:11.23,2026-03-03 16:31:28.04,US,Low
ci41407944,-117.420833333333,34.2173333333333,13.07,"M 1.2 - 2 km WSW of Devore, CA","2 km WSW of Devore, CA",20,1.15,ml,2026-03-03 09:23:51.98,2026-03-03 09:27:19.455,US,Low
ci41407936,-116.530333333333,33.4148333333333,5.88,"M 0.5 - 18 km NNE of Warner Springs, CA","18 km NNE of Warner Springs, CA",3,0.47,ml,2026-03-03 09:14:23.8,2026-03-04 18:33:35.62,US,Low
tx2026eirprc,-98.949,28.653,9.6265,"M 1.2 - 21 km E of Dilley, Texas","21 km E of Dilley, Texas",22,1.2,ml,2026-03-03 09:12:17.868,2026-03-03 16:54:57.063,US,Low
nc75321842,-122.785835266113,38.8074989318848,5.21000003814697,"M 0.4 - 4 km NW of The Geysers, CA","4 km NW of The Geysers, CA",2,0.39,md,2026-03-03 09:12:14.83,2026-03-03 09:13:49.304,US,Low
nc75321837,-122.78150177002,38.8016662597656,2.75999999046326,"M 1.5 - 3 km NW of The Geysers, CA","3 km NW of The Geysers, CA",36,1.54,md,2026-03-03 09:11:27.58,2026-03-03 12:17:21.112,US,Low
tx2026eirmjs,-104.01,31.529,7.7405,"M 1.5 - 31 km NW of Toyah, Texas","31 km NW of Toyah, Texas",35,1.5,ml,2026-03-03 09:08:31.164,2026-03-03 10:04:00.672,US,Low
ci41407928,-117.454833333333,35.6213333333333,6.85,"M 0.3 - 17 km SSW of Searles Valley, CA","17 km SSW of Searles Valley, CA",1,0.28,ml,2026-03-03 09:01:13.23,2026-03-03 18:29:24.027,US,Low
aka2026eireta,-155.981,58.264,154.5,"M 2.3 - 61 km SE of King Salmon, Alaska","61 km SE of King Salmon, Alaska",81,2.3,ml,2026-03-03 08:59:39.612,2026-03-03 09:56:46.03,US,Low
pr71508858,-64.9931666666667,18.9781666666667,43.24,"M 2.7 - 70 km N of Charlotte Amalie, U.S. Virgin Islands","70 km N of Charlotte Amalie, U.S. Virgin Islands",112,2.7,md,2026-03-03 08:56:45.43,2026-03-03 09:43:27.35,VI,Moderate
ok2026eidj,-96.824,36.413,5.96,"M 1.1 - 8 km NNW of Pawnee, Oklahoma","8 km NNW of Pawnee, Oklahoma",18,1.08,ml,2026-03-03 08:56:16.6,2026-03-03 13:27:41.096,US,Low
nc75321822,-122.809829711914,38.8219985961914,2.59999990463257,"M 1.1 - 7 km NW of The Geysers, CA","7 km NW of The Geysers, CA",19,1.1,md,2026-03-03 08:52:39.49,2026-03-03 11:07:18.66,US,Low
us7000s1ni,-164.4879,53.8598,34.194,"M 2.5 - 89 km ESE of Akutan, Alaska","89 km ESE of Akutan, Alaska",96,2.5,ml,2026-03-03 08:38:40.33,2026-03-04 06:36:41.04,US,Low
ci41407920,-116.642666666667,33.4173333333333,6.69,"M 0.1 - 15 km N of Warner Springs, CA","15 km N of Warner Springs, CA",0,0.1,ml,2026-03-03 08:27:34.19,2026-03-03 19:27:30.389,US,Low
aka2026eiqbww,-148.619,63.883,104.8,"M 1.3 - 17 km E of Healy, Alaska","17 km E of Healy, Alaska",26,1.3,ml,2026-03-03 08:26:11.801,2026-03-03 10:00:02.048,US,Low
tx2026eiqbql,-98.935,28.67,5.9207,"M 3.0 - 23 km E of Dilley, Texas","23 km E of Dilley, Texas",138,3.0,ml,2026-03-03 08:25:51.77,2026-03-03 15:19:04.853,US,Moderate
nc75321807,-121.735336303711,37.3800010681152,6.21999979019165,"M 1.8 - 8 km E of Alum Rock, CA","8 km E of Alum Rock, CA",52,1.83,md,2026-03-03 08:25:38.57,2026-03-03 10:37:20.476,US,Low
us7000s1nj,-172.2588,52.0841,58.379,"M 3.8 - 133 km E of Atka, Alaska","133 km E of Atka, Alaska",222,3.8,ml,2026-03-03 08:13:13.213,2026-03-04 06:31:55.04,US,Moderate
tx2026eipqce,-102.201,32.127,6.6162,"M 1.4 - 18 km NW of Midland, Texas","18 km NW of Midland, Texas",30,1.4,ml,2026-03-03 08:13:07.763,2026-03-03 08:57:58.728,US,Low
aka2026eippru,-149.759,61.696,10.2,"M 1.7 - 7 km NNE of Houston, Alaska","7 km NNE of Houston, Alaska",44,1.7,ml,2026-03-03 08:12:02.279,2026-03-03 10:04:57.303,US,Low
ci41407912,-117.2865,34.0848333333333,14.61,"M 1.0 - 3 km ENE of Colton, CA","3 km ENE of Colton, CA",15,1.0,ml,2026-03-03 08:09:08.8,2026-03-03 21:40:20.59,US,Low
tx2026eipmlk,-103.816,31.421,6.0999,"M 2.0 - 11 km N of Toyah, Texas","11 km N of Toyah, Texas",62,2.0,ml,2026-03-03 08:08:20.02,2026-03-03 09:49:00.766,US,Low
tx2026eipkgo,-103.819,31.42,6.2024,"M 1.9 - 11 km NNW of Toyah, Texas","11 km NNW of Toyah, Texas",56,1.9,ml,2026-03-03 08:05:53.12,2026-03-03 09:36:36.613,US,Low
tx2026eipjtq,-101.628,32.119,7.7393,"M 0.8 - 15 km E of Stanton, Texas","15 km E of Stanton, Texas",10,0.8,ml,2026-03-03 08:05:08.753,2026-03-03 14:11:34.126,US,Low
aka2026eipaod,-152.072,62.04,105.3,"M 1.8 - 35 km W of Skwentna, Alaska","35 km W of Skwentna, Alaska",50,1.8,ml,2026-03-03 07:54:28.271,2026-03-03 10:07:47.318,US,Low
aka2026eiousm,-146.281,62.099,5.6,"M 1.5 - 9 km ENE of Mendeltna, Alaska","9 km ENE of Mendeltna, Alaska",35,1.5,ml,2026-03-03 07:47:41.447,2026-03-03 10:08:07.424,US,Low
aka2026eiopgq,-146.306,59.845,17.3,"M 1.9 - 83 km SSW of Cordova, Alaska","83 km SSW of Cordova, Alaska",56,1.9,ml,2026-03-03 07:41:20.816,2026-03-03 10:15:04.791,US,Low
nc75321792,-118.958999633789,37.6278343200684,3.98000001907349,"M 0.4 - 2 km ESE of Mammoth Lakes, CA","2 km ESE of Mammoth Lakes, CA",2,0.37,md,2026-03-03 07:35:51.61,2026-03-03 08:07:21.438,US,Low
aka2026eiogxl,-141.69,59.962,1.8,"M 1.7 - 119 km WNW of Yakutat, Alaska","119 km WNW of Yakutat, Alaska",44,1.7,ml,2026-03-03 07:31:41.849,2026-03-03 10:16:21.8,US,Low
tx2026eiogrt,-104.414,31.655,5.946,"M 1.6 - 57 km S of Whites City, New Mexico","57 km S of Whites City, New Mexico",39,1.6,ml,2026-03-03 07:31:24.947,2026-03-03 09:25:19.543,US,Low
tx2026eiocks,-102.154,32.354,6.8604,"M 0.4 - 35 km E of McKinney Acres, Texas","35 km E of McKinney Acres, Texas",2,0.4,ml,2026-03-03 07:26:33.434,2026-03-03 13:36:22.926,US,Low
aka2026eiobqr,-139.5,60.439,3.7,"M 1.9 - 100 km N of Yakutat, Alaska","100 km N of Yakutat, Alaska",56,1.9,ml,2026-03-03 07:25:34.825,2026-03-03 10:17:19.807,CA,Low
aka2026einxta,-139.512,60.43,5.4,"M 1.8 - 99 km N of Yakutat, Alaska","99 km N of Yakutat, Alaska",50,1.8,ml,2026-03-03 07:21:01.433,2026-03-03 10:32:37.382,CA,Low
ci41407896,-115.449333333333,32.7883333333333,13.34,"M 1.5 - 7 km WSW of Holtville, CA","7 km WSW of Holtville, CA",36,1.54,ml,2026-03-03 07:16:39.33,2026-03-03 17:21:01.042,US,Low
aka2026eintua,-150.316,61.579,28.9,"M 2.0 - 11 km ENE of Susitna, Alaska","11 km ENE of Susitna, Alaska",62,2.0,ml,2026-03-03 07:16:26.242,2026-03-03 10:29:37.369,US,Low
nc75321782,-124.970169067383,40.3546676635742,10.5100002288818,"M 2.6 - 58 km W of Petrolia, CA","58 km W of Petrolia, CA",107,2.64,md,2026-03-03 07:08:35.41,2026-03-03 17:16:43.385,US,Moderate
aka2026einjkb,-159.96,55.829,9.1,"M 1.8 - 30 km WSW of Ivanof Bay, Alaska","30 km WSW of Ivanof Bay, Alaska",50,1.8,ml,2026-03-03 07:04:21.429,2026-03-03 21:19:13.11,US,Low
nc75321777,-118.960502624512,37.6213340759277,6.15999984741211,"M 1.3 - 2 km SE of Mammoth Lakes, CA","2 km SE of Mammoth Lakes, CA",26,1.31,md,2026-03-03 07:03:28.59,2026-03-05 00:40:10.082,US,Low
aka2026einhkq,-139.86,60.598,9.6,"M 1.8 - 117 km N of Yakutat, Alaska","117 km N of Yakutat, Alaska",50,1.8,ml,2026-03-03 07:02:05.208,2026-03-03 10:27:30.702,CA,Low
nc75321772,-122.813835144043,38.8014984130859,3.09999990463257,"M 1.1 - 6 km WNW of The Geysers, CA","6 km WNW of The Geysers, CA",17,1.05,md,2026-03-03 07:01:03.97,2026-03-03 07:47:21.302,US,Low
uw62229721,-122.77333333333333,45.5195,23.6,"M 1.1 - 0 km NW of West Haven, Oregon","0 km NW of West Haven, Oregon",17,1.05,ml,2026-03-03 06:55:17.39,2026-03-04 04:33:06.9,US,Low
aka2026einbmy,-139.938,60.575,12.1,"M 1.7 - 115 km N of Yakutat, Alaska","115 km N of Yakutat, Alaska",44,1.7,ml,2026-03-03 06:55:13.133,2026-03-03 10:25:38.691,CA,Low
aka2026einbhx,-169.775,52.383,11.8,"M 2.8 - 87 km SW of Nikolski, Alaska","87 km SW of Nikolski, Alaska",121,2.8,ml,2026-03-03 06:54:59.656,2026-03-03 10:24:43.687,US,Moderate
us7000s1my,53.7894,28.0355,10.0,"M 4.4 - 52 km NW of Gerāsh, Iran","52 km NW of Gerāsh, Iran",298,4.4,mb,2026-03-03 06:54:57.248,2026-03-05 02:24:17.377,IR,Moderate
tx2026eimzmd,-101.784,32.291,5.2246,"M 0.3 - 17 km N of Stanton, Texas","17 km N of Stanton, Texas",1,0.3,ml,2026-03-03 06:54:46.304,2026-03-03 14:40:13,US,Low
aka2026eimptd,-152.648,59.223,65.1,"M 2.0 - 44 km WSW of Nanwalek, Alaska","44 km WSW of Nanwalek, Alaska",62,2.0,ml,2026-03-03 06:41:35.576,2026-03-03 10:23:43.679,US,Low
av93056089,-135.658,57.0543333333333,8.08,"M 0.8 - 19 km W of Sitka, Alaska","19 km W of Sitka, Alaska",10,0.79,ml,2026-03-03 06:39:17.08,2026-03-03 21:23:43.41,US,Low
aka2026eimkwz,-148.942,65.026,13.7,"M 1.1 - 23 km SE of Minto, Alaska","23 km SE of Minto, Alaska",19,1.1,ml,2026-03-03 06:35:57.252,2026-03-03 10:22:37.673,US,Low
ci41407888,-117.124666666667,34.0335,6.54,"M 1.0 - 4 km SSE of Mentone, CA","4 km SSE of Mentone, CA",14,0.95,ml,2026-03-03 06:29:11.62,2026-03-03 22:00:09.891,US,Low
us7000s1mu,-159.6369,55.9556,14.553,"M 2.5 - 11 km WNW of Ivanof Bay, Alaska","11 km WNW of Ivanof Bay, Alaska",96,2.5,ml,2026-03-03 06:28:55.843,2026-03-03 21:07:41.29,US,Low
ci41407880,-117.126,34.0438333333333,6.83,"M 0.7 - 3 km SSE of Mentone, CA","3 km SSE of Mentone, CA",7,0.69,ml,2026-03-03 06:28:01.21,2026-03-03 19:19:31.795,US,Low
aka2026eiltfd,-146.282,59.874,16.4,"M 2.0 - 80 km SSW of Cordova, Alaska","80 km SSW of Cordova, Alaska",62,2.0,ml,2026-03-03 06:15:25.229,2026-03-03 10:21:46.405,US,Low
nc75321767,-122.811164855957,38.8213348388672,2.91000008583069,"M 0.9 - 7 km NW of The Geysers, CA","7 km NW of The Geysers, CA",11,0.86,md,2026-03-03 06:02:55.24,2026-03-03 07:22:22.137,US,Low
ci41407872,-116.800333333333,33.2483333333333,12.14,"M 0.4 - 4 km WNW of Lake Henshaw, CA","4 km WNW of Lake Henshaw, CA",3,0.44,ml,2026-03-03 06:01:25.48,2026-03-03 19:18:41.05,US,Low
uw62229711,-122.81616973876953,47.53783416748047,18.3500003814697,"M 2.0 - 8 km W of Gorst, Washington","8 km W of Gorst, Washington",64,2.0391764640808105,ml,2026-03-03 05:58:26.76,2026-03-03 16:56:38.04,US,Low
av94069033,-153.11,60.0553333333333,1.9,"M -0.9 - 63 km ENE of Pedro Bay, Alaska","63 km ENE of Pedro Bay, Alaska",0,-0.89,ml,2026-03-03 05:57:20.31,2026-03-03 20:37:08.73,US,Low
tx2026eilczs,-104.419,31.657,5.946,"M 2.6 - 57 km S of Whites City, New Mexico","57 km S of Whites City, New Mexico",104,2.6,ml,2026-03-03 05:56:37.977,2026-03-03 15:58:59.493,US,Moderate
aka2026eilcxe,-141.035,59.907,15.6,"M 1.9 - 83 km WNW of Yakutat, Alaska","83 km WNW of Yakutat, Alaska",56,1.9,ml,2026-03-03 05:56:32.308,2026-03-03 10:19:56.686,CA,Low
tx2026eikobb,-101.082,32.138,8.6182,"M 1.6 - 24 km SSW of Westbrook, Texas","24 km SSW of Westbrook, Texas",39,1.6,ml,2026-03-03 05:39:16.177,2026-03-03 09:13:05.313,US,Low
us7000s1mj,139.8684,27.4027,500.758,"M 4.3 - Bonin Islands, Japan region","Bonin Islands, Japan region",284,4.3,mb,2026-03-03 05:37:23.637,2026-03-03 08:05:11.04,JP,Moderate
aka2026eiklsr,-149.479,62.556,2.7,"M 1.7 - 34 km ENE of Chase, Alaska","34 km ENE of Chase, Alaska",44,1.7,ml,2026-03-03 05:36:34.572,2026-03-03 05:43:20.623,US,Low
ok2026ehwo,-97.78033333,35.0245,3.86,"M 1.0 - 12 km N of Alex, Oklahoma","12 km N of Alex, Oklahoma",15,0.98,ml,2026-03-03 05:29:43.88,2026-03-04 19:59:56.91,US,Low
aka2026eijyzx,-149.012,62.832,17.2,"M 1.7 - 62 km S of Cantwell, Alaska","62 km S of Cantwell, Alaska",44,1.7,ml,2026-03-03 05:21:48.727,2026-03-03 05:41:37.831,US,Low
aka2026eijwov,-148.454,63.497,89.0,"M 1.7 - 27 km ENE of Cantwell, Alaska","27 km ENE of Cantwell, Alaska",44,1.7,ml,2026-03-03 05:18:59.534,2026-03-03 05:40:25.827,US,Low
tx2026eijurw,-101.674,32.472,3.8086,"M 0.6 - 7 km SSE of Ackerly, Texas","7 km SSE of Ackerly, Texas",6,0.6,ml,2026-03-03 05:16:51.764,2026-03-03 14:28:09.33,US,Low
aka2026eijnbs,-140.05,60.541,7.5,"M 1.7 - 112 km N of Yakutat, Alaska","112 km N of Yakutat, Alaska",44,1.7,ml,2026-03-03 05:09:46.69,2026-03-03 05:38:33.819,CA,Low
ci41407864,-118.637166666667,34.3778333333333,11.32,"M 1.2 - 10 km SW of Valencia, CA","10 km SW of Valencia, CA",23,1.22,ml,2026-03-03 05:08:18.1,2026-03-03 20:42:50.779,US,Low
us7000s1md,-169.7459,52.4227,14.595,"M 3.5 - 82 km SW of Nikolski, Alaska","82 km SW of Nikolski, Alaska",188,3.5,mb,2026-03-03 05:00:42.753,2026-03-03 07:49:28.04,US,Moderate
ci41407856,-117.1265,34.0361666666667,6.39,"M 0.6 - 4 km S of Mentone, CA","4 km S of Mentone, CA",6,0.64,ml,2026-03-03 04:58:11.1,2026-03-03 20:57:32.358,US,Low
us7000s1ln,96.7387,2.042,18.0,"M 6.2 - 62 km SE of Sinabang, Indonesia","62 km SE of Sinabang, Indonesia",592,6.2,mww,2026-03-03 04:56:46.093,2026-03-05 02:02:47.917,ID,High
hv74912281,-155.487166666667,19.391,7.6,"M 1.7 - 20 km N of Pāhala, Hawaii","20 km N of Pāhala, Hawaii",46,1.72,ml,2026-03-03 04:50:34.81,2026-03-03 16:53:07.06,US,Low
us7000s1mc,-174.5052,51.3712,9.131,"M 3.0 - 94 km SSW of Atka, Alaska","94 km SSW of Atka, Alaska",138,3.0,ml,2026-03-03 04:29:46.65,2026-03-03 06:37:36.04,US,Moderate
aka2026eiidfc,-152.011,59.987,76.9,"M 1.7 - 16 km WNW of Happy Valley, Alaska","16 km WNW of Happy Valley, Alaska",44,1.7,ml,2026-03-03 04:26:20.239,2026-03-03 05:34:28.796,US,Low
hv74912256,-155.46,19.2026666666667,-0.81,"M 2.3 - 1 km E of Pāhala, Hawaii","1 km E of Pāhala, Hawaii",81,2.29,ml,2026-03-03 04:19:30.65,2026-03-03 17:23:46.53,US,Low
ok2026ehtx,-98.042,35.616,7.0,"M 0.9 - 7 km ENE of Calumet, Oklahoma","7 km ENE of Calumet, Oklahoma",12,0.9,ml,2026-03-03 04:09:09.65,2026-03-04 19:59:12.107,US,Low
av94068873,-178.859166666667,51.6946666666667,7.09,"M 1.5 - 154 km W of Adak, Alaska","154 km W of Adak, Alaska",34,1.48,ml,2026-03-03 04:08:13.63,2026-03-03 19:22:04.1,US,Low
aka2026eihmdt,-139.886,60.549,12.0,"M 1.8 - 111 km N of Yakutat, Alaska","111 km N of Yakutat, Alaska",50,1.8,ml,2026-03-03 04:06:32.935,2026-03-03 05:31:49.786,CA,Low
aka2026eignui,-141.689,60.324,8.2,"M 1.6 - 139 km NW of Yakutat, Alaska","139 km NW of Yakutat, Alaska",39,1.6,ml,2026-03-03 03:38:16.273,2026-03-03 04:05:31.369,US,Low
tx2026eigkeo,-101.672,32.188,5.8105,"M 0.3 - 12 km ENE of Stanton, Texas","12 km ENE of Stanton, Texas",1,0.3,ml,2026-03-03 03:34:07.254,2026-03-03 14:43:37.017,US,Low
av94068813,-152.332166666667,61.2875,1.47,"M -0.2 - 68 km WNW of Tyonek, Alaska","68 km WNW of Tyonek, Alaska",0,-0.16,ml,2026-03-03 03:31:22.59,2026-03-03 20:23:38.52,US,Low
aka2026eifssn,-140.367,60.255,15.8,"M 1.6 - 86 km NNW of Yakutat, Alaska","86 km NNW of Yakutat, Alaska",39,1.6,ml,2026-03-03 03:13:49.763,2026-03-03 04:03:59.36,CA,Low
aka2026eifpfw,-139.59,60.44,3.7,"M 1.8 - 99 km N of Yakutat, Alaska","99 km N of Yakutat, Alaska",50,1.8,ml,2026-03-03 03:09:34.724,2026-03-03 04:03:10.021,CA,Low
ci41407848,-117.9955,34.4513333333333,8.0,"M 0.9 - 8 km S of Littlerock, CA","8 km S of Littlerock, CA",13,0.92,ml,2026-03-03 03:08:45.14,2026-03-03 14:20:37.181,US,Low
ci41407840,-117.991666666667,34.4508333333333,7.61,"M 2.4 - 8 km S of Littlerock, CA","8 km S of Littlerock, CA",92,2.41,ml,2026-03-03 03:03:37.47,2026-03-04 23:28:57.959,US,Low
aka2026eiexcj,-153.313,60.078,158.1,"M 2.1 - 54 km NE of Pedro Bay, Alaska","54 km NE of Pedro Bay, Alaska",68,2.1,ml,2026-03-03 02:48:44.871,2026-03-03 04:01:47.018,US,Low
nc75321722,-118.858001708984,37.5681648254395,5.84000015258789,"M 0.9 - 13 km SE of Mammoth Lakes, CA","13 km SE of Mammoth Lakes, CA",13,0.93,md,2026-03-03 02:47:47.55,2026-03-03 03:07:20.38,US,Low
tx2026eiepdi,-104.463,31.663,5.946,"M 1.9 - 57 km S of Whites City, New Mexico","57 km S of Whites City, New Mexico",56,1.9,ml,2026-03-03 02:39:30.236,2026-03-03 03:02:35.692,US,Low
ok2026ehqs,-97.4435,34.4,5.75,"M 1.2 - 8 km SE of Ratliff City, Oklahoma","8 km SE of Ratliff City, Oklahoma",21,1.18,ml,2026-03-03 02:32:36.56,2026-03-04 19:51:31.107,US,Low
av94068758,-153.106,60.0125,2.41,"M -0.8 - 61 km ENE of Pedro Bay, Alaska","61 km ENE of Pedro Bay, Alaska",0,-0.81,ml,2026-03-03 02:29:11.98,2026-03-03 20:15:07.97,US,Low
aka2026eiedtd,-152.38,60.783,115.0,"M 2.5 - 60 km W of Nikiski, Alaska","60 km W of Nikiski, Alaska",96,2.5,ml,2026-03-03 02:26:16.841,2026-03-03 03:59:42.705,US,Low
aka2026eiedmc,-139.886,60.603,14.3,"M 1.7 - 117 km N of Yakutat, Alaska","117 km N of Yakutat, Alaska",44,1.7,ml,2026-03-03 02:25:56.683,2026-03-03 03:57:50.692,CA,Low
nn00911655,-116.4213,38.4989,0.0086,"M 1.7 - 85 km NE of Tonopah, Nevada","85 km NE of Tonopah, Nevada",42,1.66,ml,2026-03-03 02:21:17.546,2026-03-03 02:23:57.156,US,Low
nc75321717,-122.819000244141,38.8139991760254,7.34000015258789,"M 0.9 - 7 km NW of The Geysers, CA","7 km NW of The Geysers, CA",13,0.93,md,2026-03-03 02:21:04.89,2026-03-03 02:37:21.19,US,Low
ci41407832,-116.9435,34.289,8.15,"M 0.5 - 6 km NNW of Big Bear Lake, CA","6 km NNW of Big Bear Lake, CA",4,0.49,ml,2026-03-03 02:20:53.15,2026-03-03 17:55:18.664,US,Low
aka2026eidwzi,-149.885,61.544,34.3,"M 1.7 - 4 km NE of Big Lake, Alaska","4 km NE of Big Lake, Alaska",44,1.7,ml,2026-03-03 02:18:26.482,2026-03-03 02:26:06.685,US,Low
us7000s1lc,158.4253,51.0326,41.402,"M 5.1 - 143 km ESE of Ozernovskiy, Russia","143 km ESE of Ozernovskiy, Russia",400,5.1,mb,2026-03-03 02:16:44.453,2026-03-03 02:30:01.04,RU,Moderate
us7000s1le,-162.3304,54.2536,17.504,"M 2.6 - 89 km S of King Cove, Alaska","89 km S of King Cove, Alaska",104,2.6,ml,2026-03-03 02:12:10.368,2026-03-03 02:33:34.04,US,Moderate
aka2026eidqon,-151.948,59.536,60.6,"M 2.0 - 17 km NW of Seldovia, Alaska","17 km NW of Seldovia, Alaska",62,2.0,ml,2026-03-03 02:10:59.77,2026-03-03 02:23:39.672,US,Low
us7000s1la,-163.7516,53.9809,33.218,"M 2.7 - 99 km SSW of False Pass, Alaska","99 km SSW of False Pass, Alaska",112,2.7,ml,2026-03-03 02:04:04.032,2026-03-03 02:14:06.04,US,Moderate
nc75321712,-118.96199798584,37.6268348693848,7.55000019073486,"M 1.0 - 2 km SE of Mammoth Lakes, CA","2 km SE of Mammoth Lakes, CA",15,0.98,md,2026-03-03 02:02:13.52,2026-03-03 02:17:26.061,US,Low
ok2026ehps,-98.0335,35.626,5.52,"M 1.9 - 8 km ENE of Calumet, Oklahoma","8 km ENE of Calumet, Oklahoma",53,1.85,ml,2026-03-03 02:01:52.09,2026-03-04 23:58:36.798,US,Low
aka2026eidiaz,-150.954,62.074,70.3,"M 1.8 - 25 km ENE of Skwentna, Alaska","25 km ENE of Skwentna, Alaska",50,1.8,ml,2026-03-03 02:01:06.297,2026-03-03 02:09:41.879,US,Low
aka2026eidfar,-146.368,59.844,19.1,"M 2.0 - 84 km SSW of Cordova, Alaska","84 km SSW of Cordova, Alaska",62,2.0,ml,2026-03-03 01:57:35.601,2026-03-03 02:04:50.159,US,Low
tx2026eiczfn,-102.062,32.397,8.252,"M 0.5 - 35 km WSW of Ackerly, Texas","35 km WSW of Ackerly, Texas",4,0.5,ml,2026-03-03 01:51:42.743,2026-03-03 13:27:47,US,Low
us7000s1l6,-170.0182,52.4074,21.445,"M 3.0 - 98 km SW of Nikolski, Alaska","98 km SW of Nikolski, Alaska",138,3.0,ml,2026-03-03 01:40:34.692,2026-03-03 02:09:09.04,US,Moderate
aka2026eicncg,-150.822,61.68,69.1,"M 2.0 - 22 km NW of Susitna, Alaska","22 km NW of Susitna, Alaska",62,2.0,ml,2026-03-03 01:36:47.086,2026-03-03 02:03:20.151,US,Low
ci41407808,-118.508833333333,35.3513333333333,7.05,"M 1.9 - 25 km NNW of Tehachapi, CA","25 km NNW of Tehachapi, CA",53,1.86,ml,2026-03-03 01:19:26.58,2026-03-04 23:58:06.555,US,Low
tx2026eibxoh,-104.317,31.716,7.8943,"M 1.9 - 51 km S of Whites City, New Mexico","51 km S of Whites City, New Mexico",56,1.9,ml,2026-03-03 01:18:44.065,2026-03-03 02:47:36.5,US,Low
ci41407800,-117.422166666667,34.153,6.13,"M 0.9 - 7 km NNE of Fontana, CA","7 km NNE of Fontana, CA",12,0.88,ml,2026-03-03 01:05:45.92,2026-03-03 15:01:46.488,US,Low
nc75321692,-122.765830993652,38.8223342895508,2.13000011444092,"M 1.5 - 4 km W of Cobb, CA","4 km W of Cobb, CA",35,1.5,md,2026-03-03 01:05:23.09,2026-03-03 04:07:19.79,US,Low
aka2026eibccx,-154.529,57.811,81.4,"M 2.1 - 27 km N of Karluk, Alaska","27 km N of Karluk, Alaska",68,2.1,ml,2026-03-03 00:53:52.318,2026-03-03 02:21:23.966,US,Low
ci41407784,-117.2235,34.0188333333333,15.1,"M 1.9 - 5 km SE of Loma Linda, CA","5 km SE of Loma Linda, CA",58,1.94,ml,2026-03-03 00:39:31.61,2026-03-03 17:12:57.8,US,Low
tx2026eiaper,-101.077,32.14,8.8623,"M 2.2 - 24 km SSW of Westbrook, Texas","24 km SSW of Westbrook, Texas",74,2.2,ml,2026-03-03 00:38:52.382,2026-03-03 02:22:22.187,US,Low
ci41407776,-116.54,33.1476666666667,5.53,"M 1.0 - 10 km NE of Julian, CA","10 km NE of Julian, CA",17,1.04,ml,2026-03-03 00:29:08.54,2026-03-03 14:21:47.281,US,Low
aka2026eiacbm,-155.067,58.337,114.6,"M 2.9 - 92 km NNW of Karluk, Alaska","92 km NNW of Karluk, Alaska",129,2.9,ml,2026-03-03 00:23:40.452,2026-03-03 04:59:51.04,US,Moderate
aka2026ehzzbz,-149.953,62.013,64.3,"M 1.8 - 17 km SSW of Susitna North, Alaska","17 km SSW of Susitna North, Alaska",50,1.8,ml,2026-03-03 00:20:11.183,2026-03-03 02:14:46.93,US,Low
aka2026ehzvso,-140.73,60.027,17.7,"M 1.7 - 77 km NW of Yakutat, Alaska","77 km NW of Yakutat, Alaska",44,1.7,ml,2026-03-03 00:16:18.319,2026-03-03 02:12:11.922,CA,Low
pr71508853,-66.1136666666667,18.114,24.54,"M 1.6 - 1 km SW of G. L. Garcia, Puerto Rico","1 km SW of G. L. Garcia, Puerto Rico",39,1.59,md,2026-03-03 00:14:27.93,2026-03-03 00:22:18.36,PR,Low
us7000s1k2,124.8906,25.2893,10.0,"M 5.0 - 67 km NW of Hirara, Japan","67 km NW of Hirara, Japan",385,5.0,mww,2026-03-03 00:11:43.467,2026-03-03 04:53:04.04,JP,Moderate
ok2026ehly,-96.84833333,34.3825,0.0,"M 1.0 Quarry Blast - 3 km SW of Mill Creek, Oklahoma","3 km SW of Mill Creek, Oklahoma",15,0.98,ml,2026-03-03 00:08:15.25,2026-03-04 19:42:09.874,US,Low
tx2026ehzofl,-98.328,28.552,8.2165,"M 1.6 - 17 km NW of Three Rivers, Texas","17 km NW of Three Rivers, Texas",39,1.6,ml,2026-03-03 00:07:31.531,2026-03-03 16:32:01.922,US,Low
nc75321642,-122.84366607666,38.8213348388672,2.77999997138977,"M 0.7 - 9 km WNW of The Geysers, CA","9 km WNW of The Geysers, CA",7,0.69,md,2026-03-03 00:03:42.13,2026-03-03 00:52:21.493,US,Low
aka2026ehzhzg,-147.298,64.992,4.2,"M 1.4 - 15 km ENE of Fox, Alaska","15 km ENE of Fox, Alaska",30,1.4,ml,2026-03-03 00:00:19.776,2026-03-03 00:10:05.641,US,Low
av94068613,-152.240166666667,61.1973333333333,4.29,"M -0.6 - 61 km WNW of Tyonek, Alaska","61 km WNW of Tyonek, Alaska",0,-0.56,ml,2026-03-02 23:59:59.94,2026-03-03 05:12:26.07,US,Low
nc75321637,-122.822334289551,38.828498840332,1.95000004768372,"M 0.8 - 8 km NW of The Geysers, CA","8 km NW of The Geysers, CA",11,0.83,md,2026-03-02 23:59:22.16,2026-03-03 00:42:19.417,US,Low
us7000s1js,-71.6698,-28.5804,22.804,"M 4.1 - 89 km W of Vallenar, Chile","89 km W of Vallenar, Chile",259,4.1,mwr,2026-03-02 23:55:54.102,2026-03-03 04:38:35.04,CL,Moderate
nc75321632,-122.820167541504,38.8283348083496,1.58000004291534,"M 1.2 - 8 km NW of The Geysers, CA","8 km NW of The Geysers, CA",24,1.24,md,2026-03-02 23:53:33.03,2026-03-03 03:07:19.38,US,Low
us7000s1jn,176.4383,52.2844,10.0,"M 5.3 - 229 km ESE of Attu Station, Alaska","229 km ESE of Attu Station, Alaska",432,5.3,mww,2026-03-02 23:46:49.728,2026-03-04 23:57:03.789,RU,Moderate
pr71508843,-66.7668333333333,17.9995,13.96,"M 1.8 - 2 km S of Magas Arriba, Puerto Rico","2 km S of Magas Arriba, Puerto Rico",48,1.76,md,2026-03-02 23:45:48.31,2026-03-02 23:55:54,PR,Low
aka2026ehypxi,-152.943,60.561,110.2,"M 1.3 - 85 km ENE of Port Alsworth, Alaska","85 km ENE of Port Alsworth, Alaska",26,1.3,ml,2026-03-02 23:39:21.361,2026-03-03 00:08:40.633,US,Low
ci41407760,-118.3935,35.1495,-0.92,"M 1.5 Quarry Blast - 5 km ENE of Tehachapi, CA","5 km ENE of Tehachapi, CA",36,1.53,ml,2026-03-02 23:37:20.48,2026-03-03 17:25:35.067,US,Low
uw62229656,-121.7385,46.826,-2.07,"M 0.4 - 23 km ENE of Ashford, Washington","23 km ENE of Ashford, Washington",2,0.38,ml,2026-03-02 23:31:23.53,2026-03-04 19:28:50.75,US,Low
av94068573,-153.439,59.3645,0.14,"M 0.0 - 60 km SE of Pedro Bay, Alaska","60 km SE of Pedro Bay, Alaska",0,-0.02,ml,2026-03-02 23:24:01.79,2026-03-03 05:06:54.76,US,Low
nc75321622,-122.213165283203,37.8764991760254,6.78999996185303,"M 0.7 - 3 km W of Orinda, CA","3 km W of Orinda, CA",8,0.74,md,2026-03-02 23:22:57.59,2026-03-03 00:07:23.243,US,Low
ci41407736,-118.290166666667,34.3623333333333,8.57,"M 1.0 - 12 km N of Sunland, CA","12 km N of Sunland, CA",14,0.97,ml,2026-03-02 23:22:04.62,2026-03-03 18:23:04.608,US,Low
av94068558,-153.133333333333,60.0385,6.04,"M -0.6 - 61 km ENE of Pedro Bay, Alaska","61 km ENE of Pedro Bay, Alaska",0,-0.59,ml,2026-03-02 23:15:25.79,2026-03-03 05:00:25.28,US,Low
nc75321617,-121.929000854492,37.7666664123535,2.94000005722046,"M 1.8 - 5 km ESE of San Ramon, CA","5 km ESE of San Ramon, CA",48,1.75,md,2026-03-02 23:00:32.56,2026-03-05 00:07:06.34,US,Low
aka2026ehxdso,-151.56,60.197,59.2,"M 1.6 - 9 km WSW of Clam Gulch, Alaska","9 km WSW of Clam Gulch, Alaska",39,1.6,ml,2026-03-02 22:55:01.744,2026-03-02 23:05:44.946,US,Low
tx2026ehwxyi,-104.482,31.676,6.0999,"M 1.7 - 56 km S of Whites City, New Mexico","56 km S of Whites City, New Mexico",44,1.7,ml,2026-03-02 22:48:22.525,2026-03-03 03:18:08.786,US,Low
nc75321612,-122.750831604004,38.7973327636719,1.53999996185303,"M 1.5 - 2 km NNE of The Geysers, CA","2 km NNE of The Geysers, CA",36,1.53,md,2026-03-02 22:47:08.02,2026-03-03 02:12:18.028,US,Low
nc75321607,-122.807662963867,38.8240013122559,2.57999992370605,"M 1.2 - 7 km NW of The Geysers, CA","7 km NW of The Geysers, CA",22,1.2,md,2026-03-02 22:46:31.83,2026-03-03 01:47:24.864,US,Low
ci10228094,-117.645666666667,33.845,2.81,"M 0.4 - 8 km WSW of Corona, CA","8 km WSW of Corona, CA",3,0.42,ml,2026-03-02 22:43:48.22,2026-03-03 18:36:48.41,US,Low
ci41407704,-117.669333333333,33.832,4.77,"M 1.0 - 10 km WSW of Corona, CA","10 km WSW of Corona, CA",14,0.96,ml,2026-03-02 22:43:28.47,2026-03-03 18:33:01.048,US,Low
ci41407696,-116.728166666667,33.5351666666667,3.32,"M 0.4 - 6 km WSW of Anza, CA","6 km WSW of Anza, CA",3,0.42,ml,2026-03-02 22:42:45.76,2026-03-03 14:22:14.463,US,Low
nc75321602,-122.813667297363,38.8263320922852,1.89999997615814,"M 1.1 - 7 km NW of The Geysers, CA","7 km NW of The Geysers, CA",19,1.12,md,2026-03-02 22:35:50.77,2026-03-03 01:22:21.692,US,Low
uw62229641,-123.31283333333333,45.676833333333335,16.68,"M 1.4 - 16 km WNW of Banks, Oregon","16 km WNW of Banks, Oregon",30,1.4000000000000001,ml,2026-03-02 22:35:09.75,2026-03-03 00:20:39.24,US,Low
hv74912146,-155.4905,19.1676666666667,31.81,"M 1.3 - 4 km SSW of Pāhala, Hawaii","4 km SSW of Pāhala, Hawaii",28,1.34,ml,2026-03-02 22:34:46.39,2026-03-03 17:23:39.46,US,Low
ci41407680,-117.336833333333,33.7193333333333,-0.48,"M 1.2 Quarry Blast - 6 km N of Lake Elsinore, CA","6 km N of Lake Elsinore, CA",24,1.24,ml,2026-03-02 22:32:47.46,2026-03-03 17:43:58.53,US,Low
ci41407672,-117.339666666667,33.7101666666667,-0.53,"M 1.3 Quarry Blast - 5 km NNW of Lake Elsinore, CA","5 km NNW of Lake Elsinore, CA",24,1.25,ml,2026-03-02 22:32:26.97,2026-03-03 17:34:40.082,US,Low
aka2026ehwalu,-152.507,60.236,103.0,"M 1.0 - 50 km WNW of Ninilchik, Alaska","50 km WNW of Ninilchik, Alaska",15,1.0,ml,2026-03-02 22:21:06.858,2026-03-02 22:46:38.123,US,Low
nc75321597,-122.771331787109,38.7886657714844,2.98000001907349,"M 0.5 - 2 km NW of The Geysers, CA","2 km NW of The Geysers, CA",4,0.53,md,2026-03-02 22:19:00.13,2026-03-03 00:57:20.527,US,Low
aka2026ehvvub,-152.854,59.168,71.4,"M 3.0 - 57 km WSW of Nanwalek, Alaska","57 km WSW of Nanwalek, Alaska",138,3.0,ml,2026-03-02 22:15:39.388,2026-03-03 03:43:00.04,US,Moderate
hv74912136,-155.101,19.5766666666667,1.13,"M 2.6 - 2 km NNE of Mountain View, Hawaii","2 km NNE of Mountain View, Hawaii",109,2.64,ml,2026-03-02 22:11:41.47,2026-03-04 23:28:02.018,US,Moderate
uw62229631,-120.50916666666667,49.37983333333333,-0.36,"M 2.0 Explosion - 8 km S of Princeton, Canada","8 km S of Princeton, Canada",62,2.0,ml,2026-03-02 22:11:36.67,2026-03-03 22:34:25.88,CA,Low
aka2026ehvkwp,-139.92,60.605,12.9,"M 2.1 - 118 km N of Yakutat, Alaska","118 km N of Yakutat, Alaska",68,2.1,ml,2026-03-02 22:03:00.561,2026-03-02 22:11:14.51,CA,Low
nc75321592,-122.838333129883,38.8398323059082,1.03999996185303,"M 0.7 - 10 km NW of The Geysers, CA","10 km NW of The Geysers, CA",8,0.73,md,2026-03-02 21:55:47.01,2026-03-02 22:37:20.567,US,Low
hv74912126,-155.426,19.1291666666667,40.45,"M 1.7 - 9 km SE of Pāhala, Hawaii","9 km SE of Pāhala, Hawaii",47,1.74,ml,2026-03-02 21:54:18.28,2026-03-03 21:50:08.79,US,Low
us7000s1il,-169.7753,52.3282,8.979,"M 3.2 - 91 km SW of Nikolski, Alaska","91 km SW of Nikolski, Alaska",158,3.2,ml,2026-03-02 21:52:32.877,2026-03-03 03:21:08.04,US,Moderate
ok2026ehhm,-95.86566667,36.20066667,0.0,"M 1.6 Quarry Blast - 7 km S of Owasso, Oklahoma","7 km S of Owasso, Oklahoma",37,1.56,ml,2026-03-02 21:52:04.9,2026-03-04 23:52:58.04,US,Low
nc75321587,-122.75350189209,38.7936668395996,0.519999980926514,"M 1.7 - 2 km N of The Geysers, CA","2 km N of The Geysers, CA",43,1.68,md,2026-03-02 21:48:09.49,2026-03-03 00:32:22.337,US,Low
aka2026ehuybp,-140.711,59.964,15.0,"M 1.7 - 72 km NW of Yakutat, Alaska","72 km NW of Yakutat, Alaska",44,1.7,ml,2026-03-02 21:48:08.717,2026-03-02 22:01:12.545,CA,Low
nn00911650,-116.3064,38.6123,0.0039,"M 1.9 - 93 km SE of Kingston, Nevada","93 km SE of Kingston, Nevada",56,1.9,ml,2026-03-02 21:46:47.908,2026-03-02 21:49:30.976,US,Low
hv74912121,-155.417495727539,19.1044998168945,37.6100006103516,"M 1.8 - 12 km SSE of Pāhala, Hawaii","12 km SSE of Pāhala, Hawaii",50,1.8,md,2026-03-02 21:46:19.23,2026-03-02 21:49:41.11,US,Low
av94068478,-152.781833333333,60.4801666666667,3.06,"M -1.1 - 78 km NW of Ninilchik, Alaska","78 km NW of Ninilchik, Alaska",0,-1.1,ml,2026-03-02 21:42:12.3,2026-03-03 04:53:53.91,US,Low
aka2026ehumdw,-154.136,58.185,79.1,"M 1.8 - 71 km NNE of Karluk, Alaska","71 km NNE of Karluk, Alaska",50,1.8,ml,2026-03-02 21:34:18.823,2026-03-02 22:10:12.168,US,Low
uw62229621,-122.75133333333333,45.346666666666664,-0.19,"M 1.6 Explosion - 2 km WSW of Stafford, Oregon","2 km WSW of Stafford, Oregon",40,1.61,ml,2026-03-02 21:25:48.43,2026-03-03 19:51:14.48,US,Low
ci41407656,-116.8955,33.3196666666667,19.17,"M 1.3 - 5 km SW of Palomar Observatory, CA","5 km SW of Palomar Observatory, CA",24,1.25,ml,2026-03-02 21:25:42.28,2026-03-03 14:22:48.713,US,Low
ci41407648,-116.803333333333,33.2488333333333,11.76,"M 0.9 - 4 km WNW of Lake Henshaw, CA","4 km WNW of Lake Henshaw, CA",13,0.93,ml,2026-03-02 21:16:12.81,2026-03-03 14:22:50.119,US,Low
aka2026ehtsvx,-150.824,60.595,53.1,"M 1.8 - 7 km NNW of Sterling, Alaska","7 km NNW of Sterling, Alaska",50,1.8,ml,2026-03-02 21:11:54.424,2026-03-02 22:02:47.554,US,Low
aka2026ehtrad,-140.009,60.517,13.1,"M 1.7 - 109 km N of Yakutat, Alaska","109 km N of Yakutat, Alaska",44,1.7,ml,2026-03-02 21:10:31.284,2026-03-02 22:03:53.438,CA,Low
tx2026ehtqgc,-103.154,30.929,3.9722,"M 1.6 - 26 km W of Fort Stockton, Texas","26 km W of Fort Stockton, Texas",39,1.6,ml,2026-03-02 21:08:53.021,2026-03-02 21:17:54.757,US,Low
ci41407640,-116.473833333333,33.4923333333333,13.62,"M 0.6 - 20 km ESE of Anza, CA","20 km ESE of Anza, CA",5,0.59,ml,2026-03-02 21:08:02.33,2026-03-02 23:12:20.047,US,Low
aka2026ehtpkh,-140.066,61.162,0.9,"M 1.7 - 156 km ESE of McCarthy, Alaska","156 km ESE of McCarthy, Alaska",44,1.7,ml,2026-03-02 21:07:53.241,2026-03-02 22:08:56.157,CA,Low
uu80131011,-113.092666666667,40.6373333333333,9.61,"M 1.4 - 53 km W of Grantsville, Utah","53 km W of Grantsville, Utah",30,1.4,ml,2026-03-02 21:04:30.43,2026-03-02 21:50:17.6,US,Low
us7000s1iu,176.1739,51.8267,37.022,"M 3.9 - 233 km ESE of Attu Station, Alaska","233 km ESE of Attu Station, Alaska",234,3.9,mb,2026-03-02 20:59:58.097,2026-03-05 17:31:16.04,RU,Moderate
hv74912116,-155.111831665039,19.2479991912842,36.9799995422363,"M 1.7 - 24 km S of Fern Forest, Hawaii","24 km S of Fern Forest, Hawaii",44,1.7,md,2026-03-02 20:56:06.02,2026-03-02 20:59:38.17,US,Low
nc75321552,-122.817665100098,38.8289985656738,1.72000002861023,"M 1.3 - 8 km NW of The Geysers, CA","8 km NW of The Geysers, CA",25,1.27,md,2026-03-02 20:54:03.69,2026-03-02 23:17:24.839,US,Low
tx2026ehtbeq,-102.17,32.36,8.4473,"M 0.7 - 34 km E of McKinney Acres, Texas","34 km E of McKinney Acres, Texas",8,0.7,ml,2026-03-02 20:51:26.457,2026-03-03 04:01:25.053,US,Low
nc75321547,-122.818664550781,38.8291664123535,1.54999995231628,"M 1.0 - 8 km NW of The Geysers, CA","8 km NW of The Geysers, CA",15,0.98,md,2026-03-02 20:49:27.89,2026-03-02 21:07:16.966,US,Low
us7000s1i3,-159.7503,54.2759,10.0,"M 2.4 - 127 km SSE of Sand Point, Alaska","127 km SSE of Sand Point, Alaska",89,2.4,ml,2026-03-02 20:32:18.865,2026-03-02 21:15:11.04,US,Low
nc75321542,-122.855163574219,38.8235015869141,1.91999995708466,"M 0.4 - 10 km WNW of The Geysers, CA","10 km WNW of The Geysers, CA",3,0.43,md,2026-03-02 20:22:06.33,2026-03-02 20:42:18.781,US,Low
nn00911643,-116.5462,38.4396,10.3503,"M 1.9 - 72 km NE of Tonopah, Nevada","72 km NE of Tonopah, Nevada",53,1.86,ml,2026-03-02 20:20:01.451,2026-03-02 21:29:48.499,US,Low
aka2026ehryxs,-139.931,60.559,10.2,"M 1.8 - 113 km N of Yakutat, Alaska","113 km N of Yakutat, Alaska",50,1.8,ml,2026-03-02 20:18:37.639,2026-03-02 20:57:03.027,CA,Low
nc75321537,-120.675163269043,40.5416679382324,6.94000005722046,"M 1.9 - 14 km N of Susanville, CA","14 km N of Susanville, CA",56,1.9,md,2026-03-02 20:14:42.42,2026-03-02 22:52:21.666,US,Low
tx2026ehrdin,-101.937,32.107,9.4971,"M 1.1 - 14 km W of Stanton, Texas","14 km W of Stanton, Texas",19,1.1,ml,2026-03-02 19:56:54.266,2026-03-02 20:24:07.43,US,Low
us7000s1i5,-162.4255,54.2328,35.0,"M 2.8 - 92 km S of King Cove, Alaska","92 km S of King Cove, Alaska",121,2.8,ml,2026-03-02 19:49:10.52,2026-03-02 21:11:56.04,US,Moderate
aka2026ehqzae,-156.204,57.628,12.7,"M 1.7 - 72 km E of Ugashik, Alaska","72 km E of Ugashik, Alaska",44,1.7,ml,2026-03-02 19:48:32.191,2026-03-03 04:37:54.04,US,Low
nc75321527,-118.95866394043,37.6300010681152,5.15000009536743,"M 0.7 - 2 km ESE of Mammoth Lakes, CA","2 km ESE of Mammoth Lakes, CA",7,0.69,md,2026-03-02 19:46:35.22,2026-03-02 21:47:26.35,US,Low
av94068333,-154.936833333333,58.2533333333333,3.81,"M 0.3 - 81 km NNW of Karluk, Alaska","81 km NNW of Karluk, Alaska",1,0.29,ml,2026-03-02 19:45:16.87,2026-03-03 04:28:22.17,US,Low
aka2026ehqofg,-146.478,61.58,22.1,"M 1.8 - 48 km SSE of Nelchina, Alaska","48 km SSE of Nelchina, Alaska",50,1.8,ml,2026-03-02 19:36:01.938,2026-03-02 21:03:42.142,US,Low
nn00911642,-114.8401,35.8643,15.9874,"M 1.7 - 12 km S of Boulder City, Nevada","12 km S of Boulder City, Nevada",44,1.69,ml,2026-03-02 19:35:09.57,2026-03-02 19:37:50.3,US,Low
aka2026ehqlbp,-141.711,59.932,1.8,"M 2.3 - 119 km WNW of Yakutat, Alaska","119 km WNW of Yakutat, Alaska",81,2.3,ml,2026-03-02 19:32:22.57,2026-03-02 21:05:42.528,US,Low
aka2026ehqjye,-140.052,61.148,1.1,"M 2.3 - 157 km ESE of McCarthy, Alaska","157 km ESE of McCarthy, Alaska",81,2.3,ml,2026-03-02 19:31:03.264,2026-03-02 21:12:29.572,CA,Low
ci41407568,-116.518333333333,33.147,8.76,"M 1.4 - 11 km NE of Julian, CA","11 km NE of Julian, CA",28,1.35,ml,2026-03-02 19:27:21.11,2026-03-03 14:23:05.973,US,Low
ci41407584,-116.5115,33.1506666666667,10.07,"M 0.3 - 12 km NE of Julian, CA","12 km NE of Julian, CA",1,0.3,ml,2026-03-02 19:26:27.49,2026-03-02 22:31:29.93,US,Low
aka2026ehqfdk,-153.162,59.259,77.4,"M 1.8 - 71 km W of Nanwalek, Alaska","71 km W of Nanwalek, Alaska",50,1.8,ml,2026-03-02 19:25:29.462,2026-03-02 21:14:14.576,US,Low
us7000s1hn,-178.6174,-30.8495,131.249,"M 4.9 - Kermadec Islands, New Zealand","Kermadec Islands, New Zealand",369,4.9,mb,2026-03-02 19:23:08.858,2026-03-02 19:40:46.04,TO,Moderate
nc75321522,-121.620162963867,36.8753318786621,6.23999977111816,"M 2.1 - 3 km SE of Aromas, CA","3 km SE of Aromas, CA",68,2.11,md,2026-03-02 19:21:14.18,2026-03-02 21:27:22.107,US,Low
tx2026ehqaon,-101.728,32.005,8.4473,"M 0.8 - 14 km SSE of Stanton, Texas","14 km SSE of Stanton, Texas",10,0.8,ml,2026-03-02 19:20:11.566,2026-03-02 21:40:26.914,US,Low
tx2026ehpvhi,-101.922,32.094,7.8369,"M 0.5 - 13 km WSW of Stanton, Texas","13 km WSW of Stanton, Texas",4,0.5,ml,2026-03-02 19:14:03.534,2026-03-03 13:49:28.011,US,Low
aka2026ehptor,-162.963,52.99,36.2,"M 3.8 - 209 km S of False Pass, Alaska","209 km S of False Pass, Alaska",222,3.8,ml,2026-03-02 19:12:13.641,2026-03-02 21:22:37.999,US,Moderate
us7000s1hi,-163.0753,53.0018,10.0,"M 4.0 - 207 km S of False Pass, Alaska","207 km S of False Pass, Alaska",246,4.0,mb,2026-03-02 19:12:10.572,2026-03-02 21:57:30.145,US,Moderate
ci41407544,-117.194166666667,33.946,15.8,"M 0.7 - 4 km NE of Moreno Valley, CA","4 km NE of Moreno Valley, CA",8,0.7,ml,2026-03-02 19:06:44.21,2026-03-02 23:23:10.103,US,Low
ok2026ehbz,-96.85683333,34.48766667,0.0,"M 0.8 Quarry Blast - 7 km S of Hickory, Oklahoma","7 km S of Hickory, Oklahoma",10,0.79,ml,2026-03-02 19:06:20.879,2026-03-03 19:06:45.161,US,Low
nc75321512,-122.792663574219,38.7978324890137,3.17000007629395,"M 1.1 - 4 km NW of The Geysers, CA","4 km NW of The Geysers, CA",17,1.05,md,2026-03-02 19:06:08.54,2026-03-02 19:42:22.433,US,Low
aka2026ehpmpt,-139.773,60.49,11.6,"M 1.6 - 105 km N of Yakutat, Alaska","105 km N of Yakutat, Alaska",39,1.6,ml,2026-03-02 19:03:59.245,2026-03-02 21:54:43.507,CA,Low
tx2026ehpkdb,-101.927,32.102,7.6172,"M 2.4 - 13 km WSW of Stanton, Texas","13 km WSW of Stanton, Texas",89,2.4,ml,2026-03-02 19:02:30.847,2026-03-02 21:21:49.04,US,Low
nc75321502,-122.798164367676,38.813835144043,3.26999998092651,"M 1.1 - 5 km NW of The Geysers, CA","5 km NW of The Geysers, CA",18,1.07,md,2026-03-02 19:02:07.68,2026-03-02 20:47:25.823,US,Low
nc75321497,-123.201499938965,39.2518348693848,6.6100001335144,"M 1.3 - 2 km S of Redwood Valley, CA","2 km S of Redwood Valley, CA",26,1.3,md,2026-03-02 18:49:02.33,2026-03-02 20:07:21.604,US,Low
aka2026ehoznv,-149.51,62.936,76.5,"M 2.1 - 58 km SSW of Cantwell, Alaska","58 km SSW of Cantwell, Alaska",68,2.1,ml,2026-03-02 18:48:49.675,2026-03-02 21:56:07.517,US,Low
ci41407536,-116.6325,33.118,11.67,"M 0.6 - 5 km NNW of Julian, CA","5 km NNW of Julian, CA",5,0.57,ml,2026-03-02 18:48:20.25,2026-03-03 14:23:21.587,US,Low
nn00911639,-116.4979,38.4548,6.3634,"M 2.2 - 77 km ENE of Tonopah, Nevada","77 km ENE of Tonopah, Nevada",77,2.23,ml,2026-03-02 18:37:03.339,2026-03-02 19:13:23.506,US,Low
hv74912056,-155.5295,19.1531666666667,-0.51,"M 1.9 - 7 km SW of Pāhala, Hawaii","7 km SW of Pāhala, Hawaii",54,1.88,ml,2026-03-02 18:34:17.79,2026-03-03 00:56:22.57,US,Low
aka2026ehohwu,-151.236,62.246,79.6,"M 1.6 - 29 km NNE of Skwentna, Alaska","29 km NNE of Skwentna, Alaska",39,1.6,ml,2026-03-02 18:28:07.82,2026-03-02 21:57:50.527,US,Low
aka2026ehocay,-152.214,59.912,76.0,"M 2.4 - 26 km NW of Anchor Point, Alaska","26 km NW of Anchor Point, Alaska",89,2.4,ml,2026-03-02 18:21:31.249,2026-03-02 22:22:34.586,US,Low
us7000s1h0,143.9561,22.9073,10.0,"M 4.6 - Volcano Islands, Japan region","Volcano Islands, Japan region",326,4.6,mb,2026-03-02 18:05:57.533,2026-03-02 20:14:50.04,MP,Moderate
hv74912046,-155.430833333333,19.1495,34.8,"M 2.4 - 7 km SE of Pāhala, Hawaii","7 km SE of Pāhala, Hawaii",85,2.35,md,2026-03-02 17:41:21.26,2026-03-03 02:44:03.43,US,Low
us7000s1gx,127.6466,-7.586,137.161,"M 4.9 - 125 km NE of Lospalos, Timor Leste","125 km NE of Lospalos, Timor Leste",369,4.9,mb,2026-03-02 17:40:14.399,2026-03-02 17:56:34.04,TL,Moderate
av94068153,-153.0695,60.0636666666667,2.04,"M -1.1 - 65 km ENE of Pedro Bay, Alaska","65 km ENE of Pedro Bay, Alaska",0,-1.13,ml,2026-03-02 17:33:59.12,2026-03-03 01:09:12.77,US,Low
tx2026ehmmad,-101.933,32.103,8.4229,"M 0.9 - 13 km WSW of Stanton, Texas","13 km WSW of Stanton, Texas",12,0.9,ml,2026-03-02 17:32:46.855,2026-03-02 19:05:33.195,US,Low
aka2026ehmifr,-149.59,62.367,57.8,"M 2.4 - 26 km NNE of Susitna North, Alaska","26 km NNE of Susitna North, Alaska",89,2.4,ml,2026-03-02 17:28:23.742,2026-03-02 22:19:52.566,US,Low
av94068133,-154.984833333333,58.2956666666667,3.11,"M 0.0 - 86 km NNW of Karluk, Alaska","86 km NNW of Karluk, Alaska",0,0.02,ml,2026-03-02 17:25:36.13,2026-03-03 01:12:13.05,US,Low
us7000s1gu,125.021,25.2535,10.0,"M 4.9 - 57 km NNW of Hirara, Japan","57 km NNW of Hirara, Japan",369,4.9,mww,2026-03-02 17:20:53.007,2026-03-02 17:37:09.04,JP,Moderate
hv74912036,-155.261833333333,19.436,36.49,"M 1.5 - 3 km WSW of Volcano, Hawaii","3 km WSW of Volcano, Hawaii",33,1.47,ml,2026-03-02 17:20:05.39,2026-03-04 23:41:33.234,US,Low
aka2026ehlris,-139.78,60.549,15.7,"M 1.8 - 111 km N of Yakutat, Alaska","111 km N of Yakutat, Alaska",50,1.8,ml,2026-03-02 17:08:48.419,2026-03-02 22:16:36.534,CA,Low
nn00911636,-116.5065,38.4577,8.2345,"M 2.1 - 76 km NE of Tonopah, Nevada","76 km NE of Tonopah, Nevada",68,2.11,ml,2026-03-02 17:06:57.417,2026-03-02 20:48:37.263,US,Low
us7000s1iz,176.2876,52.1545,32.554,"M 4.1 - 224 km ESE of Attu Station, Alaska","224 km ESE of Attu Station, Alaska",259,4.1,mb,2026-03-02 17:00:35.944,2026-03-05 17:43:56.04,RU,Moderate
nc75321452,-121.216667175293,36.6054992675781,8.22999954223633,"M 1.3 - 11 km NW of Pinnacles, CA","11 km NW of Pinnacles, CA",27,1.33,md,2026-03-02 16:55:40.16,2026-03-02 19:12:20.158,US,Low
aka2026ehlftr,176.121,51.948,31.1,"M 4.2 - 223 km ESE of Attu Station, Alaska","223 km ESE of Attu Station, Alaska",271,4.2,ml,2026-03-02 16:55:18.458,2026-03-02 23:05:30.405,RU,Moderate
aka2026ehldil,-146.613,61.487,17.7,"M 1.9 - 42 km NNW of Valdez, Alaska","42 km NNW of Valdez, Alaska",56,1.9,ml,2026-03-02 16:52:31.844,2026-03-02 23:02:27.935,US,Low
ci41407464,-116.425666666667,33.2716666666667,5.26,"M 1.1 - 5 km WNW of Borrego Springs, CA","5 km WNW of Borrego Springs, CA",18,1.09,ml,2026-03-02 16:42:11.17,2026-03-02 23:30:58.149,US,Low
av93056079,-155.358166666667,58.1718333333333,3.0,"M -0.5 - 85 km NW of Karluk, Alaska","85 km NW of Karluk, Alaska",0,-0.53,ml,2026-03-02 16:30:26.09,2026-03-03 00:58:13.01,US,Low
av94068068,-155.3615,58.1686666666667,0.85,"M -0.4 - 85 km NW of Karluk, Alaska","85 km NW of Karluk, Alaska",0,-0.44,ml,2026-03-02 16:30:23.52,2026-03-03 00:56:11.83,US,Low
uw62229566,-122.12,46.668,21.22,"M 0.9 - 7 km SE of Mineral, Washington","7 km SE of Mineral, Washington",13,0.92,ml,2026-03-02 16:22:28.05,2026-03-02 19:26:05.84,US,Low
tx2026ehjxhf,-101.622,32.116,8.5205,"M 0.9 - 15 km E of Stanton, Texas","15 km E of Stanton, Texas",12,0.9,ml,2026-03-02 16:15:19.859,2026-03-03 14:35:18.379,US,Low
nc75321422,-122.764999389648,38.7898330688477,2.38000011444092,"M 1.1 - 2 km NNW of The Geysers, CA","2 km NNW of The Geysers, CA",17,1.05,md,2026-03-02 16:11:35.47,2026-03-02 16:52:23.22,US,Low
aka2026ehjuku,-153.488,59.309,109.3,"M 2.0 - 63 km ESE of Pope-Vannoy Landing, Alaska","63 km ESE of Pope-Vannoy Landing, Alaska",62,2.0,ml,2026-03-02 16:10:58.615,2026-03-02 22:59:37.93,US,Low
nc75321417,-122.821502685547,38.8033332824707,3.80999994277954,"M 0.5 - 6 km WNW of The Geysers, CA","6 km WNW of The Geysers, CA",4,0.54,md,2026-03-02 16:10:26.23,2026-03-02 16:42:21.214,US,Low
nn00911634,-116.4722,38.4918,0.8491,"M 2.0 - 81 km NE of Tonopah, Nevada","81 km NE of Tonopah, Nevada",59,1.96,ml,2026-03-02 16:06:53.875,2026-03-02 16:09:26.964,US,Low
uw62229561,-122.11466666666666,46.662166666666664,20.36,"M 0.7 - 8 km SE of Mineral, Washington","8 km SE of Mineral, Washington",7,0.68,ml,2026-03-02 16:02:01.15,2026-03-02 22:39:56.08,US,Low
aka2026ehjkhj,-139.542,60.441,4.7,"M 1.8 - 100 km N of Yakutat, Alaska","100 km N of Yakutat, Alaska",50,1.8,ml,2026-03-02 16:00:13.01,2026-03-02 22:55:39.906,CA,Low
ci10227718,-118.394333333333,35.6741666666667,5.34,"M 0.3 - 7 km ESE of Wofford Heights, CA","7 km ESE of Wofford Heights, CA",1,0.31,ml,2026-03-02 16:00:02.61,2026-03-02 18:13:32.445,US,Low
us7000s1ft,125.0491,25.2194,10.0,"M 4.9 - 52 km NNW of Hirara, Japan","52 km NNW of Hirara, Japan",369,4.9,mb,2026-03-02 15:59:50.603,2026-03-02 17:08:47.04,JP,Moderate
ci41407432,-117.781833333333,36.0345,2.12,"M 1.0 - 15 km E of Coso Junction, CA","15 km E of Coso Junction, CA",16,1.02,ml,2026-03-02 15:59:31.71,2026-03-02 18:10:20.816,US,Low
nc75321407,-122.798164367676,38.837833404541,1.98000001907349,"M 0.7 - 7 km WNW of Cobb, CA","7 km WNW of Cobb, CA",8,0.72,md,2026-03-02 15:54:04.65,2026-03-02 16:22:21.006,US,Low
ci41407424,-116.163666666667,33.8865,5.26,"M 2.6 - 19 km NNE of Indio, CA","19 km NNE of Indio, CA",105,2.61,ml,2026-03-02 15:52:03.99,2026-03-04 23:30:30.009,US,Moderate
nn00911633,-116.3899,38.5156,0.0602,"M 1.8 - 88 km NE of Tonopah, Nevada","88 km NE of Tonopah, Nevada",52,1.84,ml,2026-03-02 15:50:50.509,2026-03-02 15:53:25.37,US,Low
aka2026ehjcch,-149.488,62.824,68.3,"M 1.8 - 52 km NE of Chase, Alaska","52 km NE of Chase, Alaska",50,1.8,ml,2026-03-02 15:50:45.854,2026-03-02 22:54:25.904,US,Low
nc75321392,-122.764999389648,38.795166015625,5.73999977111816,"M 0.7 - 2 km NNW of The Geysers, CA","2 km NNW of The Geysers, CA",8,0.72,md,2026-03-02 15:48:43.79,2026-03-02 17:47:24.595,US,Low
av94068003,-153.08,60.0191666666667,0.35,"M -0.8 - 62 km ENE of Pedro Bay, Alaska","62 km ENE of Pedro Bay, Alaska",0,-0.83,ml,2026-03-02 15:32:37.62,2026-03-03 00:45:41.24,US,Low
ok2026egun,-97.44316667,34.40383333,6.61,"M 1.3 - 7 km SE of Ratliff City, Oklahoma","7 km SE of Ratliff City, Oklahoma",25,1.27,ml,2026-03-02 15:19:50.229,2026-03-03 19:13:34.063,US,Low
nc75321382,-121.214166666667,36.601,8.25,"M 3.4 - 10 km NW of Pinnacles, CA","10 km NW of Pinnacles, CA",190,3.42,ml,2026-03-02 15:17:50.07,2026-03-05 02:31:54.887,US,Moderate
nn00911631,-116.3935,38.5402,7.569,"M 2.4 - 90 km NE of Tonopah, Nevada","90 km NE of Tonopah, Nevada",89,2.4,ml,2026-03-02 15:17:00.727,2026-03-02 15:19:38.299,US,Low
us7000s1fm,-29.6905,40.0886,10.0,"M 4.6 - 141 km ENE of Santa Cruz das Flores, Portugal","141 km ENE of Santa Cruz das Flores, Portugal",326,4.6,mb,2026-03-02 14:59:06.909,2026-03-02 16:07:22.04,PT,Moderate
nc75321372,-121.666496276855,37.2988319396973,5.71000003814697,"M 1.6 - 15 km E of Seven Trees, CA","15 km E of Seven Trees, CA",40,1.62,md,2026-03-02 14:53:38.34,2026-03-02 17:07:20.435,US,Low
aka2026ehheqv,-169.761,52.366,9.5,"M 2.9 - 88 km SW of Nikolski, Alaska","88 km SW of Nikolski, Alaska",129,2.9,ml,2026-03-02 14:53:25.023,2026-03-02 22:47:46.869,US,Moderate
us7000s1fn,38.5901,38.0438,10.0,"M 4.4 - 2 km WNW of Sincik, Turkey","2 km WNW of Sincik, Turkey",298,4.4,mb,2026-03-02 14:52:52.861,2026-03-02 19:20:09.04,TR,Moderate
tx2026ehgztd,-103.086,32.231,5.1514,"M 2.2 - 16 km NE of Jal, New Mexico","16 km NE of Jal, New Mexico",74,2.2,ml,2026-03-02 14:50:16.031,2026-03-04 23:38:59.307,US,Low
ok2026egtl,-97.27233333,36.13766667,8.49,"M 1.4 - 9 km E of Orlando, Oklahoma","9 km E of Orlando, Oklahoma",28,1.35,ml,2026-03-02 14:46:32.06,2026-03-03 19:29:59.037,US,Low
ci41407376,-117.878666666667,36.2276666666667,5.97,"M 1.7 - 13 km ESE of Olancha, CA","13 km ESE of Olancha, CA",45,1.71,ml,2026-03-02 14:35:34.45,2026-03-02 17:14:32.138,US,Low
aka2026ehgezr,178.124,52.18,135.4,"M 3.6 - Rat Islands, Aleutian Islands, Alaska","Rat Islands, Aleutian Islands, Alaska",199,3.6,ml,2026-03-02 14:22:14.815,2026-03-03 00:04:54.535,RU,Moderate
nc75321352,-122.78116607666,38.8366661071777,2.05999994277954,"M 1.3 - 5 km WNW of Cobb, CA","5 km WNW of Cobb, CA",24,1.26,md,2026-03-02 14:19:45.79,2026-03-02 16:07:19.972,US,Low
uw62229556,-121.654,47.43483333333333,13.98,"M 0.9 - 8 km ESE of Riverbend, Washington","8 km ESE of Riverbend, Washington",13,0.91,ml,2026-03-02 14:19:01.21,2026-03-05 00:58:28.307,US,Low
aka2026ehfvdm,-160.989,54.506,27.5,"M 2.5 - 97 km SSW of Sand Point, Alaska","97 km SSW of Sand Point, Alaska",96,2.5,ml,2026-03-02 14:12:08.219,2026-03-03 00:02:57.245,US,Low
aka2026ehfmdu,-169.727,52.378,11.7,"M 2.8 - 85 km SW of Nikolski, Alaska","85 km SW of Nikolski, Alaska",121,2.8,ml,2026-03-02 14:01:42.473,2026-03-03 00:04:44.161,US,Moderate
hv74911966,-155.483337402344,19.1975002288818,31.1000003814697,"M 1.9 - 0 km SW of Pāhala, Hawaii","0 km SW of Pāhala, Hawaii",57,1.92,md,2026-03-02 14:01:31.19,2026-03-02 14:04:58.03,US,Low
aka2026ehfghz,-152.038,60.467,92.8,"M 2.0 - 41 km W of Kalifornsky, Alaska","41 km W of Kalifornsky, Alaska",62,2.0,ml,2026-03-02 13:57:03.593,2026-03-03 00:06:53.048,US,Low
nc75321347,-122.780830383301,38.8383331298828,2.08999991416931,"M 1.0 - 5 km WNW of Cobb, CA","5 km WNW of Cobb, CA",16,1.02,md,2026-03-02 13:56:52.06,2026-03-02 15:32:22.68,US,Low
hv74911956,-155.350666666667,19.25,31.17,"M 1.4 - 14 km ENE of Pāhala, Hawaii","14 km ENE of Pāhala, Hawaii",30,1.39,ml,2026-03-02 13:46:24.46,2026-03-03 02:28:31.59,US,Low
hv74911951,-155.490173339844,19.1641674041748,32.8699989318848,"M 1.8 - 4 km SSW of Pāhala, Hawaii","4 km SSW of Pāhala, Hawaii",50,1.8,md,2026-03-02 13:43:45.49,2026-03-02 13:47:41.63,US,Low
uw62229551,-121.973,46.86716666666667,7.16,"M 0.4 - 12 km NNE of Ashford, Washington","12 km NNE of Ashford, Washington",2,0.37,ml,2026-03-02 13:38:29.47,2026-03-05 00:11:08.74,US,Low
nn00911628,-116.2697,36.6509,7.0354,"M 2.0 - 52 km ESE of Beatty, Nevada","52 km ESE of Beatty, Nevada",64,2.04,ml,2026-03-02 13:32:33.024,2026-03-02 20:39:10.676,US,Low
hv74911946,-155.429833333333,19.4158333333333,0.53,"M 1.4 - 20 km W of Volcano, Hawaii","20 km W of Volcano, Hawaii",31,1.42,ml,2026-03-02 13:28:49.57,2026-03-04 19:46:45.8,US,Low
ci41407360,-117.007333333333,33.826,14.49,"M 1.1 - 6 km NW of San Jacinto, CA","6 km NW of San Jacinto, CA",18,1.07,ml,2026-03-02 13:27:32.73,2026-03-02 23:45:22.523,US,Low
uw62229546,-123.17133333333334,46.53483333333333,48.46,"M 2.4 - 10 km ESE of Pe Ell, Washington","10 km ESE of Pe Ell, Washington",85,2.35,ml,2026-03-02 13:19:18.75,2026-03-04 23:25:17.825,US,Low
hv74911926,-155.044006347656,19.3128337860107,40.1399993896484,"M 1.9 - 19 km SSE of Fern Forest, Hawaii","19 km SSE of Fern Forest, Hawaii",55,1.89,md,2026-03-02 13:00:46.68,2026-03-02 13:04:20.78,US,Low
nm60618026,-89.6433333333333,36.5421666666667,9.34,"M 2.8 - 3 km NW of Marston, Missouri","3 km NW of Marston, Missouri",124,2.84,md,2026-03-02 13:00:04.36,2026-03-03 04:30:40.143,US,Moderate
ci41407352,-117.0925,33.4748333333333,13.69,"M 0.9 - 6 km ESE of Temecula, CA","6 km ESE of Temecula, CA",13,0.92,ml,2026-03-02 12:56:42.68,2026-03-02 13:00:07.797,US,Low
aka2026ehdfbm,-156.338,57.595,91.2,"M 1.8 - 64 km E of Ugashik, Alaska","64 km E of Ugashik, Alaska",50,1.8,ml,2026-03-02 12:53:09.116,2026-03-03 00:46:51.515,US,Low
av93056074,-166.725333333333,53.9251666666667,3.63,"M -0.2 - 12 km WNW of Dutch Harbor, Alaska","12 km WNW of Dutch Harbor, Alaska",0,-0.15,ml,2026-03-02 12:50:19.45,2026-03-03 00:35:40.69,US,Low
ci41407344,-116.7655,33.5066666666667,4.69,"M 0.6 - 10 km WSW of Anza, CA","10 km WSW of Anza, CA",6,0.64,ml,2026-03-02 12:41:35.93,2026-03-04 18:38:11.526,US,Low
aka2026ehcslt,175.933,51.704,23.7,"M 4.3 - 226 km SE of Attu Station, Alaska","226 km SE of Attu Station, Alaska",284,4.3,ml,2026-03-02 12:38:23.507,2026-03-03 00:49:26.425,RU,Moderate
nc75321322,-122.841331481934,38.8173332214355,2.24000000953674,"M 0.8 - 9 km WNW of The Geysers, CA","9 km WNW of The Geysers, CA",9,0.77,md,2026-03-02 12:26:51.56,2026-03-02 13:07:18.71,US,Low
av94067788,-156.174333333333,57.6511666666667,3.55,"M 1.0 - 74 km ENE of Ugashik, Alaska","74 km ENE of Ugashik, Alaska",16,1.03,ml,2026-03-02 12:25:38.18,2026-03-03 00:31:11.26,US,Low
us7000s1ev,125.1358,25.1993,10.0,"M 4.9 - 46 km NNW of Hirara, Japan","46 km NNW of Hirara, Japan",369,4.9,mb,2026-03-02 11:41:26.103,2026-03-02 12:47:19.04,JP,Moderate
tx2026egzzwi,-104.427,31.65,5.8948,"M 1.5 - 58 km S of Whites City, New Mexico","58 km S of Whites City, New Mexico",35,1.5,ml,2026-03-02 11:16:54.325,2026-03-02 17:29:48.009,US,Low
aka2026egzwwl,-149.85,62.895,1.1,"M 1.7 - 51 km NNE of Chase, Alaska","51 km NNE of Chase, Alaska",44,1.7,ml,2026-03-02 11:13:08.113,2026-03-03 00:45:16.507,US,Low
ok2026egmj,-99.6785,36.6995,7.79,"M 2.0 - 11 km NE of May, Oklahoma","11 km NE of May, Oklahoma",64,2.04,ml,2026-03-02 11:12:13.589,2026-03-02 13:18:46.906,US,Low
uw62229541,-122.18333333333334,46.20216666666666,2.19,"M -0.2 - 38 km NNE of Amboy, Washington","38 km NNE of Amboy, Washington",0,-0.24,ml,2026-03-02 11:07:54.36,2026-03-02 23:21:52.27,US,Low
nc75321297,-118.963836669922,37.6231651306152,6.73999977111816,"M 0.8 - 2 km SE of Mammoth Lakes, CA","2 km SE of Mammoth Lakes, CA",9,0.75,md,2026-03-02 11:06:06.06,2026-03-02 11:22:22.986,US,Low
nn00911627,-116.469,38.48,4.8446,"M 1.9 - 80 km NE of Tonopah, Nevada","80 km NE of Tonopah, Nevada",58,1.94,ml,2026-03-02 10:57:19.75,2026-03-02 10:59:45.009,US,Low
aka2026egzctv,-150.293,60.619,42.4,"M 1.9 - 27 km ENE of Sterling, Alaska","27 km ENE of Sterling, Alaska",56,1.9,ml,2026-03-02 10:49:59.809,2026-03-03 00:43:35.252,US,Low
aka2026egyymr,-141.257,60.29,9.2,"M 2.0 - 119 km NW of Yakutat, Alaska","119 km NW of Yakutat, Alaska",62,2.0,ml,2026-03-02 10:44:51.127,2026-03-03 00:41:38.241,US,Low
tx2026egyuyg,-101.999,31.79,6.8604,"M 1.0 - 24 km SSE of Midland, Texas","24 km SSE of Midland, Texas",15,1.0,ml,2026-03-02 10:40:43.124,2026-03-02 17:16:31.922,US,Low
us7000s1en,124.8849,25.2561,10.0,"M 5.6 - 65 km NW of Hirara, Japan","65 km NW of Hirara, Japan",482,5.6,mww,2026-03-02 10:39:23.321,2026-03-03 11:04:21.799,JP,Moderate
nn00911622,-116.5603,38.4511,15.9456,"M 1.8 - 72 km NE of Tonopah, Nevada","72 km NE of Tonopah, Nevada",52,1.84,ml,2026-03-02 10:38:39.837,2026-03-02 10:41:08.392,US,Low
ci41407336,-116.426666666667,33.4635,4.28,"M 1.0 - 24 km NNW of Borrego Springs, CA","24 km NNW of Borrego Springs, CA",15,0.98,ml,2026-03-02 10:29:33.87,2026-03-02 14:19:26.129,US,Low
aka2026egygzx,-149.902,62.567,5.5,"M 1.8 - 16 km NE of Chase, Alaska","16 km NE of Chase, Alaska",50,1.8,ml,2026-03-02 10:24:32.96,2026-03-03 00:40:29.231,US,Low
aka2026egycut,176.331,52.027,10.0,"M 3.8 - 232 km ESE of Attu Station, Alaska","232 km ESE of Attu Station, Alaska",222,3.8,ml,2026-03-02 10:19:20.71,2026-03-03 00:38:33.492,RU,Moderate
aka2026egyaqi,-139.736,60.564,8.9,"M 1.8 - 113 km N of Yakutat, Alaska","113 km N of Yakutat, Alaska",50,1.8,ml,2026-03-02 10:17:10.261,2026-03-03 00:18:30.562,CA,Low
us7000s1ek,122.5032,10.8137,10.0,"M 4.9 - 0 km SE of Cadagmayan Norte, Philippines","0 km SE of Cadagmayan Norte, Philippines",369,4.9,mb,2026-03-02 10:13:24.719,2026-03-05 10:30:35.991,PH,Moderate
us7000s1em,177.5031,52.5172,9.974,"M 4.2 - 294 km E of Attu Station, Alaska","294 km E of Attu Station, Alaska",271,4.2,mb,2026-03-02 10:08:08.809,2026-03-03 00:18:05.827,RU,Moderate
ci41407328,-116.0,33.1968333333333,7.0,"M 0.7 - 12 km SSW of Salton City, CA","12 km SSW of Salton City, CA",8,0.72,ml,2026-03-02 09:54:13.53,2026-03-02 09:57:43.012,US,Low
ci41407320,-116.816333333333,33.3463333333333,4.53,"M 0.4 - 5 km ESE of Palomar Observatory, CA","5 km ESE of Palomar Observatory, CA",2,0.39,ml,2026-03-02 09:48:41.07,2026-03-02 19:22:47.759,US,Low
nc75321267,-122.776832580566,38.7918319702148,1.24000000953674,"M 0.3 - 2 km NW of The Geysers, CA","2 km NW of The Geysers, CA",1,0.29,md,2026-03-02 09:48:32.66,2026-03-02 10:47:25.773,US,Low
ci41407312,-116.0175,32.748,10.49,"M 1.2 - 3 km WNW of Ocotillo, CA","3 km WNW of Ocotillo, CA",22,1.19,ml,2026-03-02 09:44:54.74,2026-03-02 14:19:58.741,US,Low
nn00911620,-116.5032,38.456,8.4733,"M 1.5 - 76 km NE of Tonopah, Nevada","76 km NE of Tonopah, Nevada",36,1.54,ml,2026-03-02 09:36:45.482,2026-03-02 09:39:15.977,US,Low
aka2026egwpnr,-146.942,64.475,2.2,"M 1.6 - 5 km SSW of Salcha, Alaska","5 km SSW of Salcha, Alaska",39,1.6,ml,2026-03-02 09:34:06.107,2026-03-03 00:14:47.351,US,Low
tx2026egwlue,-97.578,29.177,5.1761,"M 1.7 - 11 km SSE of Smiley, Texas","11 km SSE of Smiley, Texas",44,1.7,ml,2026-03-02 09:29:43.399,2026-03-03 15:14:33.212,US,Low
aka2026egwkxq,-146.161,61.43,18.0,"M 1.9 - 34 km NNE of Valdez, Alaska","34 km NNE of Valdez, Alaska",56,1.9,ml,2026-03-02 09:28:44.999,2026-03-03 00:12:58.34,US,Low
av94067513,-152.877833333333,60.6488333333333,9.21,"M -0.8 - 85 km W of Salamatof, Alaska","85 km W of Salamatof, Alaska",0,-0.78,ml,2026-03-02 08:57:45.24,2026-03-03 00:14:10.24,US,Low
aka2026egvgey,-139.471,60.403,15.4,"M 1.7 - 96 km N of Yakutat, Alaska","96 km N of Yakutat, Alaska",44,1.7,ml,2026-03-02 08:53:05.979,2026-03-03 00:55:44.566,CA,Low
aka2026egvdqu,-151.265,61.73,83.1,"M 1.6 - 29 km SSE of Skwentna, Alaska","29 km SSE of Skwentna, Alaska",39,1.6,ml,2026-03-02 08:50:06.495,2026-03-03 00:57:37.209,US,Low
aka2026eguzty,-176.772,51.43,25.1,"M 3.3 - 50 km S of Adak, Alaska","50 km S of Adak, Alaska",168,3.3,ml,2026-03-02 08:45:38.287,2026-03-03 00:54:46.562,US,Moderate
us7000s1kj,176.2178,52.0259,42.232,"M 4.0 - 225 km ESE of Attu Station, Alaska","225 km ESE of Attu Station, Alaska",246,4.0,mb,2026-03-02 08:41:15.373,2026-03-03 10:13:52.04,RU,Moderate
hv74911871,-155.374833333333,19.0726666666667,34.25,"M 3.9 - 18 km SE of Pāhala, Hawaii","18 km SE of Pāhala, Hawaii",277,3.93,ml,2026-03-02 08:39:47.78,2026-03-05 06:45:48.023,US,Moderate
nc75321212,-121.93416595459,37.7654991149902,7.71999979019165,"M 2.8 - 4 km ESE of San Ramon, CA","4 km ESE of San Ramon, CA",130,2.76,md,2026-03-02 08:33:21.71,2026-03-04 23:21:32.779,US,Moderate
aka2026eguioa,-139.799,60.588,13.7,"M 1.9 - 116 km N of Yakutat, Alaska","116 km N of Yakutat, Alaska",56,1.9,ml,2026-03-02 08:25:38.614,2026-03-03 00:50:09.539,CA,Low
tx2026eguajd,-101.398,32.411,3.9551,"M 0.6 - 14 km NNW of Sand Springs, Texas","14 km NNW of Sand Springs, Texas",6,0.6,ml,2026-03-02 08:16:17.459,2026-03-03 17:25:00.523,US,Low
nn00911619,-116.4717,38.4903,4.5445,"M 1.5 - 81 km NE of Tonopah, Nevada","81 km NE of Tonopah, Nevada",36,1.52,ml,2026-03-02 08:15:56.671,2026-03-02 08:18:23.502,US,Low
us7000s1dz,159.4851,51.4957,33.867,"M 4.6 - 175 km SSE of Vilyuchinsk, Russia","175 km SSE of Vilyuchinsk, Russia",326,4.6,mb,2026-03-02 08:15:13.528,2026-03-02 10:14:51.04,RU,Moderate
aka2026egtmiv,-152.88,59.621,88.4,"M 1.9 - 61 km WSW of Anchor Point, Alaska","61 km WSW of Anchor Point, Alaska",56,1.9,ml,2026-03-02 07:59:53.682,2026-03-02 23:52:17.194,US,Low
nc75321187,-118.841003417969,37.4823341369629,2.32999992370605,"M 1.7 - 17 km WSW of Toms Place, CA","17 km WSW of Toms Place, CA",42,1.65,md,2026-03-02 07:53:08.23,2026-03-02 11:52:21.22,US,Low
aka2026egtfea,-156.945,57.417,103.9,"M 2.2 - 29 km ESE of Ugashik, Alaska","29 km ESE of Ugashik, Alaska",74,2.2,ml,2026-03-02 07:51:46.699,2026-03-02 23:46:36.153,US,Low
nc75321182,-121.93766784668,37.7586669921875,4.90000009536743,"M 1.8 - 4 km ESE of San Ramon, CA","4 km ESE of San Ramon, CA",53,1.84,md,2026-03-02 07:47:00.54,2026-03-04 23:59:47.125,US,Low
av94067438,-152.762666666667,60.4371666666667,5.91,"M -0.8 - 74 km NW of Ninilchik, Alaska","74 km NW of Ninilchik, Alaska",0,-0.84,ml,2026-03-02 07:42:55.17,2026-03-03 00:09:09.92,US,Low
aka2026egsrvf,177.302,51.91,5.9,"M 3.5 - 298 km ESE of Attu Station, Alaska","298 km ESE of Attu Station, Alaska",188,3.5,ml,2026-03-02 07:35:53.664,2026-03-02 23:32:05.446,RU,Moderate
aka2026egsppc,-169.806,52.398,7.3,"M 2.9 - 87 km SW of Nikolski, Alaska","87 km SW of Nikolski, Alaska",129,2.9,ml,2026-03-02 07:33:26.276,2026-03-02 23:28:14.063,US,Moderate
nc75321172,-121.928337097168,37.7606658935547,3.36999988555908,"M 1.5 - 5 km ESE of San Ramon, CA","5 km ESE of San Ramon, CA",35,1.49,md,2026-03-02 07:32:16.64,2026-03-05 00:34:45.149,US,Low
nc75321167,-121.932662963867,37.7586669921875,2.11999988555908,"M 2.0 - 5 km ESE of San Ramon, CA","5 km ESE of San Ramon, CA",59,1.95,md,2026-03-02 07:30:52.26,2026-03-04 23:52:04.22,US,Low
tx2026egsnez,-103.816,32.0,8.0481,"M 1.0 - 34 km SE of Malaga, New Mexico","34 km SE of Malaga, New Mexico",15,1.0,ml,2026-03-02 07:30:39.505,2026-03-03 14:29:45.34,US,Low
nc75321162,-121.937835693359,37.7586669921875,5.32999992370605,"M 2.3 - 4 km SE of San Ramon, CA","4 km SE of San Ramon, CA",85,2.33,md,2026-03-02 07:29:29.1,2026-03-04 23:34:03.43,US,Low
nc75321152,-121.938163757324,37.7583351135254,5.3899998664856,"M 2.0 - 4 km SE of San Ramon, CA","4 km SE of San Ramon, CA",63,2.02,md,2026-03-02 07:24:57.53,2026-03-04 23:47:10.618,US,Low
nc75321147,-121.9435,37.7528333333333,7.26,"M 3.2 - 4 km SE of San Ramon, CA","4 km SE of San Ramon, CA",255,3.17,ml,2026-03-02 07:21:12.03,2026-03-06 08:41:44.616,US,Moderate
aka2026egseeh,-140.011,61.152,2.1,"M 1.9 - 159 km ESE of McCarthy, Alaska","159 km ESE of McCarthy, Alaska",56,1.9,ml,2026-03-02 07:20:16.651,2026-03-02 23:09:37.964,CA,Low
tx2026egsdmi,-102.218,32.015,5.2979,"M 0.3 - 13 km W of Midland, Texas","13 km W of Midland, Texas",1,0.3,ml,2026-03-02 07:19:32.718,2026-03-03 14:23:37.216,US,Low
nn00911614,-116.4853,38.5036,4.9916,"M 1.6 - 81 km NE of Tonopah, Nevada","81 km NE of Tonopah, Nevada",38,1.58,ml,2026-03-02 07:17:48.267,2026-03-02 07:20:26.118,US,Low
aka2026egrggy,-150.478,62.922,9.1,"M 2.3 - 49 km NNE of Petersville, Alaska","49 km NNE of Petersville, Alaska",81,2.3,ml,2026-03-02 06:52:32.539,2026-03-03 01:25:02.121,US,Low
ci41407296,-115.504166666667,32.8885,9.95,"M 1.1 - 8 km NE of Imperial, CA","8 km NE of Imperial, CA",18,1.09,ml,2026-03-02 06:47:25.93,2026-03-02 18:15:21.821,US,Low
ci41407288,-116.175,33.8903333333333,5.63,"M 0.7 - 19 km N of Indio, CA","19 km N of Indio, CA",8,0.73,ml,2026-03-02 06:45:45.78,2026-03-04 19:08:13.113,US,Low
uw62229526,-122.11933333333333,46.668,21.75,"M 0.7 - 7 km SE of Mineral, Washington","7 km SE of Mineral, Washington",8,0.72,ml,2026-03-02 06:43:08.57,2026-03-02 16:34:31.33,US,Low
nn00911612,-116.4388,38.5227,6.0386,"M 1.8 - 85 km NE of Tonopah, Nevada","85 km NE of Tonopah, Nevada",52,1.84,ml,2026-03-02 06:35:19.176,2026-03-02 06:37:54.058,US,Low
nn00911611,-116.4657,38.4881,11.5702,"M 1.8 - 81 km NE of Tonopah, Nevada","81 km NE of Tonopah, Nevada",50,1.81,ml,2026-03-02 06:32:56.012,2026-03-02 06:35:22.585,US,Low
tx2026egqnxn,-104.425,31.65,5.1257,"M 1.8 - 58 km S of Whites City, New Mexico","58 km S of Whites City, New Mexico",50,1.8,ml,2026-03-02 06:31:11.865,2026-03-02 16:45:35.726,US,Low
nn00911610,-116.3376,38.5549,12.2246,"M 1.6 - 94 km NE of Tonopah, Nevada","94 km NE of Tonopah, Nevada",37,1.56,ml,2026-03-02 06:29:00.746,2026-03-02 06:31:31.175,US,Low
uw62229521,-122.18183333333333,46.205,1.87,"M -0.9 - 38 km NNE of Amboy, Washington","38 km NNE of Amboy, Washington",0,-0.85,md,2026-03-02 06:22:29.56,2026-03-02 23:37:57.35,US,Low
ci41407280,-116.418333333333,33.4633333333333,4.15,"M 0.9 - 23 km N of Borrego Springs, CA","23 km N of Borrego Springs, CA",13,0.92,ml,2026-03-02 06:21:47,2026-03-02 14:20:15.539,US,Low
nc75321122,-122.819000244141,38.8318328857422,1.73000001907349,"M 0.6 - 8 km NW of The Geysers, CA","8 km NW of The Geysers, CA",5,0.55,md,2026-03-02 06:21:42.45,2026-03-02 06:42:21.12,US,Low
nc75321117,-121.05583190918,36.0246658325195,12.75,"M 1.4 - 12 km SSW of San Lucas, CA","12 km SSW of San Lucas, CA",32,1.44,md,2026-03-02 06:10:30.62,2026-03-02 08:22:17.797,US,Low
tx2026egptag,-104.097,31.615,6.4716,"M 1.9 - 44 km NW of Toyah, Texas","44 km NW of Toyah, Texas",56,1.9,ml,2026-03-02 06:09:25.812,2026-03-02 10:42:25.462,US,Low
ci41407272,-116.085166666667,33.2296666666667,7.8,"M 0.9 - 11 km NNE of Ocotillo Wells, CA","11 km NNE of Ocotillo Wells, CA",12,0.88,ml,2026-03-02 06:06:27.53,2026-03-04 18:44:00.897,US,Low
aka2026egpnlc,-152.409,60.219,84.4,"M 1.5 - 45 km WNW of Ninilchik, Alaska","45 km WNW of Ninilchik, Alaska",35,1.5,ml,2026-03-02 06:00:26.97,2026-03-03 01:22:39.105,US,Low
ok2026egby,-97.48116667,34.4315,3.93,"M 1.3 - 3 km SE of Ratliff City, Oklahoma","3 km SE of Ratliff City, Oklahoma",26,1.29,ml,2026-03-02 05:56:38.38,2026-03-03 20:42:04.192,US,Low
nn00911607,-115.2635,37.1256,3.5912,"M 1.6 - 27 km SSW of Alamo, Nevada","27 km SSW of Alamo, Nevada",41,1.63,ml,2026-03-02 05:52:15.65,2026-03-02 05:54:49.266,US,Low
aka2026egounm,-152.248,59.771,71.0,"M 1.8 - 23 km W of Anchor Point, Alaska","23 km W of Anchor Point, Alaska",50,1.8,ml,2026-03-02 05:38:33.822,2026-03-03 01:21:02.265,US,Low
aka2026egostn,-150.259,61.654,11.9,"M 1.7 - 15 km SW of Willow, Alaska","15 km SW of Willow, Alaska",44,1.7,ml,2026-03-02 05:36:28.232,2026-03-03 01:18:56.253,US,Low
nc75321112,-122.799667358398,38.8151664733887,3.11999988555908,"M 1.1 - 6 km NW of The Geysers, CA","6 km NW of The Geysers, CA",17,1.05,md,2026-03-02 05:33:12.59,2026-03-02 05:52:18.775,US,Low
nn00911603,-116.5367,38.4659,15.9816,"M 1.9 - 75 km NE of Tonopah, Nevada","75 km NE of Tonopah, Nevada",56,1.91,ml,2026-03-02 05:27:17.593,2026-03-02 05:29:43.642,US,Low
nn00911595,-116.4919,38.4486,3.0,"M 3.9 - 77 km ENE of Tonopah, Nevada","77 km ENE of Tonopah, Nevada",239,3.94,ml,2026-03-02 05:16:23.631,2026-03-05 01:59:13.748,US,Moderate
nn00911594,-116.4829,38.3987,12.2804,"M 2.0 - 75 km ENE of Tonopah, Nevada","75 km ENE of Tonopah, Nevada",60,1.98,ml,2026-03-02 05:10:22.062,2026-03-02 05:12:56.887,US,Low
aka2026egnvtw,-149.358,63.752,5.2,"M 1.6 - 22 km W of Denali Park, Alaska","22 km W of Denali Park, Alaska",39,1.6,ml,2026-03-02 05:09:47.494,2026-03-03 01:16:31.243,US,Low
aka2026egnvhj,-139.497,60.405,5.1,"M 1.9 - 96 km N of Yakutat, Alaska","96 km N of Yakutat, Alaska",56,1.9,ml,2026-03-02 05:09:14.456,2026-03-03 01:14:05.229,CA,Low
tx2026egnrwn,-101.853,31.839,8.7646,"M 0.5 - 27 km SE of Midland, Texas","27 km SE of Midland, Texas",4,0.5,ml,2026-03-02 05:05:21.294,2026-03-03 14:03:07.554,US,Low
nn00911591,-116.4958,38.4364,9.5866,"M 2.6 - 76 km ENE of Tonopah, Nevada","76 km ENE of Tonopah, Nevada",103,2.59,ml,2026-03-02 05:03:45.906,2026-03-02 17:41:20.854,US,Moderate
us7000s1df,124.9703,25.2462,10.0,"M 5.0 - 59 km NW of Hirara, Japan","59 km NW of Hirara, Japan",385,5.0,mww,2026-03-02 04:56:26.781,2026-03-02 14:08:03.04,JP,Moderate
hv74911756,-155.310166666667,19.1138333333333,10.65,"M 2.1 - 20 km ESE of Pāhala, Hawaii","20 km ESE of Pāhala, Hawaii",70,2.13,ml,2026-03-02 04:55:40.95,2026-03-02 18:16:54.36,US,Low
tx2026egngxg,-100.677,32.758,8.0811,"M 1.0 - 15 km NNE of Hermleigh, Texas","15 km NNE of Hermleigh, Texas",15,1.0,ml,2026-03-02 04:52:32.259,2026-03-03 16:08:38.15,US,Low
av94067228,-153.080666666667,60.0081666666667,3.14,"M -0.4 - 62 km ENE of Pedro Bay, Alaska","62 km ENE of Pedro Bay, Alaska",0,-0.37,ml,2026-03-02 04:46:19.04,2026-03-02 20:51:58.03,US,Low
us7000s1db,159.7552,51.8743,35.0,"M 4.8 - 149 km SE of Vilyuchinsk, Russia","149 km SE of Vilyuchinsk, Russia",354,4.8,mb,2026-03-02 04:35:53.356,2026-03-02 04:58:32.04,RU,Moderate
aka2026egmnvu,-149.062,62.526,50.2,"M 1.6 - 54 km E of Chase, Alaska","54 km E of Chase, Alaska",39,1.6,ml,2026-03-02 04:30:26.259,2026-03-03 01:12:05.216,US,Low
hv74911746,-155.799835205078,19.8368339538574,13.2799997329712,"M 1.9 - 11 km S of Waikoloa, Hawaii","11 km S of Waikoloa, Hawaii",56,1.9,md,2026-03-02 04:29:35.05,2026-03-02 04:33:02.78,US,Low
ci41407248,-117.81,35.3583333333333,8.57,"M 1.3 - 16 km W of Johannesburg, CA","16 km W of Johannesburg, CA",26,1.29,ml,2026-03-02 04:23:22.02,2026-03-02 14:21:17.84,US,Low
nn00911587,-116.538,38.2236,1.9908,"M 2.0 - 63 km ENE of Tonopah, Nevada","63 km ENE of Tonopah, Nevada",60,1.97,ml,2026-03-02 04:19:58.856,2026-03-02 04:22:28.354,US,Low
nc75321087,-121.408164978027,36.7803344726562,5.53000020980835,"M 1.2 - 5 km SW of Ridgemark, CA","5 km SW of Ridgemark, CA",20,1.15,md,2026-03-02 04:08:30.58,2026-03-02 07:42:21.523,US,Low
us7000s1d3,144.2111,22.9631,10.0,"M 4.9 - Volcano Islands, Japan region","Volcano Islands, Japan region",369,4.9,mb,2026-03-02 04:07:46.99,2026-03-02 04:37:51.04,MP,Moderate
nc75321072,-122.8125,38.8209991455078,1.37000000476837,"M 1.1 - 7 km NW of The Geysers, CA","7 km NW of The Geysers, CA",17,1.05,md,2026-03-02 04:07:00.59,2026-03-02 04:42:20.282,US,Low
us7000s1cs,176.3841,52.0096,61.318,"M 4.1 - 236 km ESE of Attu Station, Alaska","236 km ESE of Attu Station, Alaska",259,4.1,mb,2026-03-02 03:59:51.971,2026-03-02 17:41:15.699,RU,Moderate
aka2026eglnkx,-139.86,60.541,4.0,"M 1.7 - 110 km N of Yakutat, Alaska","110 km N of Yakutat, Alaska",44,1.7,ml,2026-03-02 03:59:46.479,2026-03-02 22:24:43.595,CA,Low
nc75321067,-122.811836242676,38.8209991455078,1.60000002384186,"M 1.5 - 7 km NW of The Geysers, CA","7 km NW of The Geysers, CA",35,1.51,md,2026-03-02 03:57:57.04,2026-03-02 06:47:24.151,US,Low
us7000s1cq,144.1632,23.0026,20.0,"M 6.0 - Volcano Islands, Japan region","Volcano Islands, Japan region",554,6.0,mww,2026-03-02 03:55:23.712,2026-03-05 01:56:15.514,MP,High
aka2026eglibh,-150.265,61.079,44.8,"M 1.6 - 25 km SW of Anchorage, Alaska","25 km SW of Anchorage, Alaska",39,1.6,ml,2026-03-02 03:53:32.631,2026-03-02 22:28:06.61,US,Low
aka2026eglacj,-147.684,60.531,16.9,"M 1.6 - 54 km NNE of Chenega, Alaska","54 km NNE of Chenega, Alaska",39,1.6,ml,2026-03-02 03:44:18.461,2026-03-02 22:30:01.618,US,Low
nn00911582,-116.4868,38.4446,6.9725,"M 2.3 - 77 km ENE of Tonopah, Nevada","77 km ENE of Tonopah, Nevada",84,2.33,ml,2026-03-02 03:30:46.635,2026-03-02 18:51:16.76,US,Low
av94067118,-152.3,61.2003333333333,5.08,"M -1.0 - 64 km WNW of Tyonek, Alaska","64 km WNW of Tyonek, Alaska",0,-1.0,ml,2026-03-02 03:24:53.91,2026-03-02 23:56:39.05,US,Low
nn00911580,-116.7327,38.3522,4.6364,"M 2.0 - 53 km NE of Tonopah, Nevada","53 km NE of Tonopah, Nevada",61,1.99,ml,2026-03-02 03:22:43.272,2026-03-02 03:25:09.724,US,Low
us7000s1cn,-32.559,4.2822,10.0,M 5.1 - central Mid-Atlantic Ridge,central Mid-Atlantic Ridge,400,5.1,mb,2026-03-02 03:15:59.119,2026-03-05 01:56:46.912,BR,Moderate
us7000s1vg,-71.8851,44.715,4.953,"M 1.7 - 5 km N of East Haven, Vermont","5 km N of East Haven, Vermont",44,1.7,ml,2026-03-02 03:10:06.185,2026-03-04 01:13:08.04,US,Low
nc75321052,-121.634162902832,36.8849983215332,2.40000009536743,"M 1.3 - 1 km ESE of Aromas, CA","1 km ESE of Aromas, CA",24,1.25,md,2026-03-02 03:04:16.42,2026-03-02 05:57:17.816,US,Low
nc75321047,-122.75016784668,38.7978324890137,2.04999995231628,"M 1.3 - 2 km NNE of The Geysers, CA","2 km NNE of The Geysers, CA",26,1.29,md,2026-03-02 02:58:45.48,2026-03-02 05:32:22.626,US,Low
aka2026egjfmv,-149.844,61.532,51.3,"M 1.7 - 5 km ENE of Big Lake, Alaska","5 km ENE of Big Lake, Alaska",44,1.7,ml,2026-03-02 02:50:14.189,2026-03-02 22:32:43.349,US,Low
us7000s1ck,-98.3666,40.1459,5.0,"M 2.6 - 7 km ESE of Cowles, Nebraska","7 km ESE of Cowles, Nebraska",106,2.6,mb_lg,2026-03-02 02:45:38.675,2026-03-04 23:26:25.737,US,Moderate
aka2026egjbio,-146.463,61.549,31.7,"M 1.7 - 47 km N of Valdez, Alaska","47 km N of Valdez, Alaska",44,1.7,ml,2026-03-02 02:45:24.063,2026-03-02 22:33:44.353,US,Low
tx2026egizve,-102.085,32.354,7.7393,"M 0.3 - 37 km NW of Stanton, Texas","37 km NW of Stanton, Texas",1,0.3,ml,2026-03-02 02:43:38.255,2026-03-03 14:06:54.099,US,Low
av94067088,-154.976833333333,58.294,2.86,"M 0.7 - 86 km NNW of Karluk, Alaska","86 km NNW of Karluk, Alaska",7,0.68,ml,2026-03-02 02:26:02.57,2026-03-02 23:50:38.56,US,Low
aka2026egijiz,-154.96,58.281,4.4,"M 1.8 - 84 km NNW of Karluk, Alaska","84 km NNW of Karluk, Alaska",50,1.8,ml,2026-03-02 02:24:31.76,2026-03-02 23:46:38.25,US,Low
nn00911579,-116.4927,38.4308,7.7817,"M 2.0 - 76 km ENE of Tonopah, Nevada","76 km ENE of Tonopah, Nevada",60,1.97,ml,2026-03-02 02:19:46.91,2026-03-02 02:22:22.282,US,Low
nn00911578,-116.5674,38.4683,11.2707,"M 1.7 - 73 km NE of Tonopah, Nevada","73 km NE of Tonopah, Nevada",44,1.69,ml,2026-03-02 02:15:19.804,2026-03-02 21:48:46.529,US,Low
nn00911576,-116.5009,38.456,4.4935,"M 2.2 - 77 km NE of Tonopah, Nevada","77 km NE of Tonopah, Nevada",75,2.21,ml,2026-03-02 02:11:37.154,2026-03-02 19:58:02.129,US,Low
aka2026eghxet,-140.035,61.158,1.8,"M 2.0 - 157 km ESE of McCarthy, Alaska","157 km ESE of McCarthy, Alaska",62,2.0,ml,2026-03-02 02:10:20.87,2026-03-02 22:36:24.746,CA,Low
ci41407232,-116.404666666667,33.1595,4.16,"M 1.1 - 11 km SSW of Borrego Springs, CA","11 km SSW of Borrego Springs, CA",19,1.1,ml,2026-03-02 02:09:58.61,2026-03-02 02:13:20.707,US,Low
aka2026eghnfd,-169.741,52.373,12.3,"M 3.0 - 86 km SW of Nikolski, Alaska","86 km SW of Nikolski, Alaska",138,3.0,ml,2026-03-02 01:59:07.462,2026-03-02 22:38:43.085,US,Moderate
us7000s1cf,-153.6867,18.3334,5.0,"M 3.3 - 180 km SE of Leilani Estates, Hawaii","180 km SE of Leilani Estates, Hawaii",168,3.3,ml,2026-03-02 01:57:27.976,2026-03-02 06:29:56.94,US,Moderate
aka2026eghjhi,-150.956,60.99,52.3,"M 1.8 - 13 km SE of Tyonek, Alaska","13 km SE of Tyonek, Alaska",50,1.8,ml,2026-03-02 01:54:17.712,2026-03-02 22:40:33.096,US,Low
av94067068,-152.543833333333,60.5293333333333,8.87,"M -0.9 - 67 km W of Salamatof, Alaska","67 km W of Salamatof, Alaska",0,-0.94,ml,2026-03-02 01:51:06.22,2026-03-02 23:40:37.86,US,Low
nc75321032,-120.245498657227,36.5019989013672,18.6399993896484,"M 2.6 - 6 km E of Cantua Creek, CA","6 km E of Cantua Creek, CA",107,2.64,md,2026-03-02 01:41:27.22,2026-03-02 05:07:19.454,US,Moderate
nn00911573,-116.5116,38.369,15.9786,"M 2.2 - 71 km ENE of Tonopah, Nevada","71 km ENE of Tonopah, Nevada",71,2.15,ml,2026-03-02 01:41:25.25,2026-03-02 01:43:52.007,US,Low
nc75321027,-122.787170410156,38.7848320007324,9.31999969482422,"M 0.8 - 3 km WNW of The Geysers, CA","3 km WNW of The Geysers, CA",10,0.81,md,2026-03-02 01:39:18.87,2026-03-02 02:12:21.292,US,Low
ci41407216,-116.555166666667,33.485,7.08,"M 0.9 - 13 km SE of Anza, CA","13 km SE of Anza, CA",11,0.85,ml,2026-03-02 01:35:08.84,2026-03-02 14:20:46.823,US,Low
nc75321017,-123.923667907715,40.6578330993652,23.3600006103516,"M 1.8 - 19 km NE of Hydesville, CA","19 km NE of Hydesville, CA",52,1.83,md,2026-03-02 01:33:34.66,2026-03-02 04:47:23.317,US,Low
nc75321012,-121.169166564941,36.6281661987305,14.3999996185303,"M 1.1 - 11 km NNW of Pinnacles, CA","11 km NNW of Pinnacles, CA",20,1.14,md,2026-03-02 01:27:25.24,2026-03-02 04:22:20.143,US,Low
aka2026eggmbm,-153.617,59.543,122.1,"M 1.8 - 38 km SE of Pedro Bay, Alaska","38 km SE of Pedro Bay, Alaska",50,1.8,ml,2026-03-02 01:27:20.015,2026-03-03 01:10:20.949,US,Low
aka2026eggikp,-152.539,60.317,113.6,"M 1.9 - 56 km WNW of Ninilchik, Alaska","56 km WNW of Ninilchik, Alaska",56,1.9,ml,2026-03-02 01:23:17.481,2026-03-03 01:08:29.943,US,Low
av94067043,-168.142,53.3441666666667,20.54,"M 1.5 - 65 km NE of Nikolski, Alaska","65 km NE of Nikolski, Alaska",35,1.51,ml,2026-03-02 01:22:16.61,2026-03-02 23:32:06.27,US,Low
nn00911572,-118.619,37.9444,8.5903,"M 1.5 - 18 km NW of Benton, California","18 km NW of Benton, California",36,1.52,ml,2026-03-02 01:19:19.821,2026-03-02 01:21:50.313,US,Low
aka2026eggeug,-150.657,61.638,56.1,"M 1.6 - 13 km NW of Susitna, Alaska","13 km NW of Susitna, Alaska",39,1.6,ml,2026-03-02 01:18:53.299,2026-03-03 01:06:12.928,US,Low
uw62229496,-122.19733333333333,46.199,-1.78,"M -0.3 - 37 km NNE of Amboy, Washington","37 km NNE of Amboy, Washington",0,-0.25,mh,2026-03-02 01:13:09.1,2026-03-02 22:08:37.4,US,Low
aka2026egfwmt,-167.29,53.282,18.4,"M 2.5 - 82 km SW of Unalaska, Alaska","82 km SW of Unalaska, Alaska",96,2.5,ml,2026-03-02 01:09:17.321,2026-03-03 01:03:18.917,US,Low
nn00911570,-116.5031,38.4589,15.7863,"M 1.6 - 77 km NE of Tonopah, Nevada","77 km NE of Tonopah, Nevada",41,1.64,ml,2026-03-02 01:07:50.946,2026-03-02 01:10:18.761,US,Low
nc75321002,-121.082496643066,36.5661659240723,0.379999995231628,"M 1.1 - 7 km NE of Pinnacles, CA","7 km NE of Pinnacles, CA",20,1.14,md,2026-03-02 00:46:14.32,2026-03-02 03:42:20.871,US,Low
ci41407192,-116.757666666667,33.223,9.7,"M 0.7 - 2 km SSE of Lake Henshaw, CA","2 km SSE of Lake Henshaw, CA",7,0.69,ml,2026-03-02 00:40:04.06,2026-03-03 00:43:38.634,US,Low
nn00911568,-116.5501,38.4399,11.2043,"M 1.8 - 72 km NE of Tonopah, Nevada","72 km NE of Tonopah, Nevada",52,1.83,ml,2026-03-02 00:39:40.224,2026-03-02 21:17:06.841,US,Low
av94066988,-168.171666666667,53.3828333333333,3.04,"M 0.5 - 67 km NE of Nikolski, Alaska","67 km NE of Nikolski, Alaska",4,0.49,ml,2026-03-02 00:28:39.9,2026-03-02 22:13:32.98,US,Low
nc75320982,-122.842666625977,38.8251647949219,1.82000005245209,"M 0.7 - 9 km NW of The Geysers, CA","9 km NW of The Geysers, CA",7,0.69,md,2026-03-02 00:26:29.29,2026-03-02 02:52:21.561,US,Low
ok2026efra,-97.42816667,34.406,4.51,"M 1.8 - 8 km ESE of Ratliff City, Oklahoma","8 km ESE of Ratliff City, Oklahoma",49,1.79,ml,2026-03-02 00:25:04.9,2026-03-03 20:52:29.023,US,Low
uw62229491,-121.86183333333334,47.66833333333334,11.76,"M 0.8 - 4 km ENE of Carnation, Washington","4 km ENE of Carnation, Washington",9,0.77,ml,2026-03-02 00:08:59.09,2026-03-03 22:29:08.83,US,Low
nn00911567,-116.5128,38.4627,7.0896,"M 1.7 - 76 km NE of Tonopah, Nevada","76 km NE of Tonopah, Nevada",42,1.66,ml,2026-03-02 00:01:43.222,2026-03-02 21:07:38.964,US,Low
aka2026egdpme,-151.727,61.735,100.5,"M 3.4 - 33 km SSW of Skwentna, Alaska","33 km SSW of Skwentna, Alaska",178,3.4,ml,2026-03-02 00:00:46.367,2026-03-05 02:33:01.013,US,Moderate
nc75320962,-123.203498840332,39.4329986572266,4.86999988555908,"M 1.8 - 13 km ENE of Willits, CA","13 km ENE of Willits, CA",52,1.84,md,2026-03-01 23:58:18.07,2026-03-02 02:27:22.395,US,Low
nc75320957,-121.866668701172,37.7501678466797,1.24000000953674,"M 1.6 - 8 km NE of Dublin, CA","8 km NE of Dublin, CA",41,1.64,md,2026-03-01 23:56:59.29,2026-03-05 00:16:04.735,US,Low
us7000s253,-160.4245,54.3523,35.0,"M 2.6 - 109 km S of Sand Point, Alaska","109 km S of Sand Point, Alaska",104,2.6,ml,2026-03-01 23:54:53.38,2026-03-05 21:31:18.04,US,Moderate
ci41407176,-117.794333333333,35.3618333333333,5.54,"M 1.4 - 15 km W of Johannesburg, CA","15 km W of Johannesburg, CA",28,1.35,ml,2026-03-01 23:53:56.08,2026-03-01 23:57:28.493,US,Low
aka2026egderl,-139.944,60.585,13.1,"M 1.7 - 116 km N of Yakutat, Alaska","116 km N of Yakutat, Alaska",44,1.7,ml,2026-03-01 23:48:13.236,2026-03-05 00:42:55.075,CA,Low
aka2026egcsgh,-139.541,60.411,12.0,"M 1.8 - 96 km N of Yakutat, Alaska","96 km N of Yakutat, Alaska",50,1.8,ml,2026-03-01 23:33:50.389,2026-03-05 00:44:06.079,CA,Low
nc75320952,-121.625503540039,36.8758316040039,3.4300000667572,"M 1.1 - 2 km SE of Aromas, CA","2 km SE of Aromas, CA",17,1.05,md,2026-03-01 23:33:42.78,2026-03-02 01:37:20.064,US,Low
nc75320947,-121.037170410156,36.0493316650391,11.8599996566772,"M 1.5 - 9 km S of San Lucas, CA","9 km S of San Lucas, CA",34,1.49,md,2026-03-01 23:28:31.24,2026-03-02 01:12:21.896,US,Low
aka2026egckqt,-139.336,60.363,3.9,"M 1.9 - 93 km NNE of Yakutat, Alaska","93 km NNE of Yakutat, Alaska",56,1.9,ml,2026-03-01 23:24:58.188,2026-03-05 00:45:14.485,CA,Low
tx2026egcdih,-102.01,32.206,8.7646,"M 0.5 - 22 km WNW of Stanton, Texas","22 km WNW of Stanton, Texas",4,0.5,ml,2026-03-01 23:16:31.09,2026-03-02 22:02:21.083,US,Low
hv74911636,-155.496666666667,19.168,32.86,"M 1.7 - 4 km SSW of Pāhala, Hawaii","4 km SSW of Pāhala, Hawaii",45,1.71,ml,2026-03-01 23:07:33.22,2026-03-03 00:03:48.11,US,Low
aka2026egboud,-143.491,60.342,21.8,"M 0.9 - 125 km SSW of McCarthy, Alaska","125 km SSW of McCarthy, Alaska",12,0.9,ml,2026-03-01 22:59:36.778,2026-03-05 00:46:12.487,US,Low
nc75320932,-121.620002746582,36.8740005493164,6.34000015258789,"M 2.5 - 3 km SE of Aromas, CA","3 km SE of Aromas, CA",99,2.53,md,2026-03-01 22:56:08.62,2026-03-04 22:17:28.432,US,Low
us7000s254,-160.426,54.5486,10.0,"M 2.7 - 87 km S of Sand Point, Alaska","87 km S of Sand Point, Alaska",112,2.7,ml,2026-03-01 22:39:43.883,2026-03-05 21:54:47.04,US,Moderate
ci41407160,-116.763,33.2235,8.22,"M 1.3 - 2 km S of Lake Henshaw, CA","2 km S of Lake Henshaw, CA",24,1.26,ml,2026-03-01 22:33:56.21,2026-03-01 22:44:25.68,US,Low
av94066853,-154.913166666667,58.2905,5.07,"M -0.1 - 84 km NNW of Karluk, Alaska","84 km NNW of Karluk, Alaska",0,-0.09,ml,2026-03-01 22:30:53.06,2026-03-04 02:58:30.82,US,Low
av94066848,-152.366166666667,61.0256666666667,10.48,"M 0.2 - 66 km W of Tyonek, Alaska","66 km W of Tyonek, Alaska",0,0.16,ml,2026-03-01 22:29:07.75,2026-03-04 02:54:59.59,US,Low
nc75320927,-122.815498352051,38.8310012817383,1.5900000333786,"M 1.1 - 8 km NW of The Geysers, CA","8 km NW of The Geysers, CA",18,1.09,md,2026-03-01 22:24:07.48,2026-03-01 22:42:18.904,US,Low
aka2026egajhs,-139.373,60.356,2.8,"M 1.9 - 92 km NNE of Yakutat, Alaska","92 km NNE of Yakutat, Alaska",56,1.9,ml,2026-03-01 22:23:07.286,2026-03-05 00:49:51.474,CA,Low
nn00911557,-116.5077,38.4716,4.9856,"M 3.1 - 77 km NE of Tonopah, Nevada","77 km NE of Tonopah, Nevada",144,3.06,ml,2026-03-01 22:10:59.931,2026-03-03 22:15:59.674,US,Moderate
us7000s1bs,-69.3822,-19.5624,96.185,"M 4.2 - 28 km S of Camiña, Chile","28 km S of Camiña, Chile",271,4.2,mb,2026-03-01 22:10:33.443,2026-03-02 02:14:03.04,CL,Moderate
nc75320917,-122.728500366211,38.767333984375,1.37000000476837,"M 0.5 - 3 km ESE of The Geysers, CA","3 km ESE of The Geysers, CA",3,0.47,md,2026-03-01 22:09:40.32,2026-03-01 22:27:20.803,US,Low
av94066828,-153.0885,60.0306666666667,-1.72,"M -0.2 - 63 km ENE of Pedro Bay, Alaska","63 km ENE of Pedro Bay, Alaska",0,-0.2,ml,2026-03-01 22:09:36.58,2026-03-04 02:47:29.11,US,Low
us7000s1bq,-70.2043,-31.1135,127.345,"M 4.5 - 78 km WNW of Calingasta, Argentina","78 km WNW of Calingasta, Argentina",312,4.5,mb,2026-03-01 22:07:42.243,2026-03-02 01:57:33.04,AR,Moderate
ci41407144,-117.775833333333,34.5806666666667,9.95,"M 0.8 - 6 km SE of Lake Los Angeles, CA","6 km SE of Lake Los Angeles, CA",10,0.82,ml,2026-03-01 22:06:12.83,2026-03-02 17:23:13.592,US,Low
tx2026efzsml,-101.935,32.105,7.9346,"M 0.8 - 14 km W of Stanton, Texas","14 km W of Stanton, Texas",10,0.8,ml,2026-03-01 22:03:34.854,2026-03-02 21:30:23.834,US,Low
us7000s1bp,164.8289,-10.826,10.0,"M 4.8 - 106 km W of Lata, Solomon Islands","106 km W of Lata, Solomon Islands",354,4.8,mb,2026-03-01 21:58:38.124,2026-03-04 22:20:26.459,SB,Moderate
us7000s255,-148.6192,56.6532,10.0,"M 2.6 - 246 km ESE of Chiniak, Alaska","246 km ESE of Chiniak, Alaska",104,2.6,ml,2026-03-01 21:58:02.27,2026-03-05 22:01:15.04,US,Moderate
aka2026efzlys,-140.03,59.959,11.0,"M 2.5 - 48 km NNW of Yakutat, Alaska","48 km NNW of Yakutat, Alaska",96,2.5,ml,2026-03-01 21:56:12.029,2026-03-05 00:54:55.604,CA,Low
nn00911555,-116.5823,38.4444,6.0814,"M 1.8 - 70 km NE of Tonopah, Nevada","70 km NE of Tonopah, Nevada",52,1.84,ml,2026-03-01 21:54:36.49,2026-03-01 21:57:07.671,US,Low
nn00911553,-116.2345,38.634,6.0555,"M 1.9 - 96 km SE of Kingston, Nevada","96 km SE of Kingston, Nevada",56,1.9,ml,2026-03-01 21:53:01.663,2026-03-01 21:55:36.294,US,Low
aka2026efzjjj,-140.225,59.874,2.1,"M 1.9 - 45 km NW of Yakutat, Alaska","45 km NW of Yakutat, Alaska",56,1.9,ml,2026-03-01 21:52:56.841,2026-03-05 00:56:11.609,CA,Low
nn00911550,-116.5463,38.4573,5.5099,"M 2.0 - 73 km NE of Tonopah, Nevada","73 km NE of Tonopah, Nevada",62,2.0,ml,2026-03-01 21:48:23.197,2026-03-06 00:11:08.807,US,Low
nc75320907,-121.619834899902,36.873664855957,5.78999996185303,"M 2.6 - 3 km SE of Aromas, CA","3 km SE of Aromas, CA",104,2.58,md,2026-03-01 21:40:29.52,2026-03-02 17:47:58.328,US,Moderate
av94066808,-152.368,61.0283333333333,10.04,"M 0.3 - 66 km W of Tyonek, Alaska","66 km W of Tyonek, Alaska",1,0.3,ml,2026-03-01 21:37:06.49,2026-03-04 02:41:29.69,US,Low
av94066793,-152.9765,59.9386666666667,3.34,"M -0.4 - 65 km ENE of Pedro Bay, Alaska","65 km ENE of Pedro Bay, Alaska",0,-0.42,ml,2026-03-01 21:23:42.71,2026-03-04 02:30:58.04,US,Low
nc75320897,-125.330001831055,40.4318351745605,2.33999991416931,"M 3.3 - 89 km W of Petrolia, CA","89 km W of Petrolia, CA",170,3.32,ml,2026-03-01 21:23:26.18,2026-03-02 00:56:35.04,US,Moderate
nc75320887,-122.727668762207,38.7680015563965,1.1599999666214,"M 1.2 - 3 km ESE of The Geysers, CA","3 km ESE of The Geysers, CA",20,1.15,md,2026-03-01 21:18:17.97,2026-03-01 23:57:20.406,US,Low
uw62229451,-122.11966666666666,46.6725,22.06,"M 1.0 - 6 km SE of Mineral, Washington","6 km SE of Mineral, Washington",14,0.96,ml,2026-03-01 21:09:30.04,2026-03-02 22:03:14.97,US,Low
aka2026efxwhp,-148.97,62.926,6.1,"M 1.8 - 51 km S of Cantwell, Alaska","51 km S of Cantwell, Alaska",50,1.8,ml,2026-03-01 21:07:39.477,2026-03-05 00:58:41.626,US,Low
us7000s1bd,160.2159,51.3988,10.0,"M 4.4 - 210 km SE of Vilyuchinsk, Russia","210 km SE of Vilyuchinsk, Russia",298,4.4,mb,2026-03-01 21:05:57.086,2026-03-02 00:33:16.04,RU,Moderate
nn00911548,-116.5075,38.4702,8.0052,"M 2.5 - 77 km NE of Tonopah, Nevada","77 km NE of Tonopah, Nevada",95,2.48,ml,2026-03-01 21:04:10.213,2026-03-03 23:46:04.218,US,Low
tx2026efxqay,-103.585,30.844,1.9214,"M 1.1 - 21 km SE of Balmorhea, Texas","21 km SE of Balmorhea, Texas",19,1.1,ml,2026-03-01 21:00:22.396,2026-03-03 16:37:54.948,US,Low
aka2026efxpvl,-151.024,61.444,65.6,"M 1.6 - 29 km WSW of Susitna, Alaska","29 km WSW of Susitna, Alaska",39,1.6,ml,2026-03-01 21:00:08.536,2026-03-05 01:10:51.468,US,Low
